genome_id	gene_id	contig_id	start	end	strand	product	protein_id	protein_sequence	protein_length_aa	phrog_id	phrog_category	functional_category	evidence	tool
Klebsiella phage PhiKpNIH-2	H1O11_gp01	NC_049845.1	15	452	-	tail completion or Neck1 protein	YP_009903278.1	MANYTIREFTGAIDAWCKAAGDALEDVVRFTCEDIHRDLVMRSPVDTGRFRGNWQITFNRAPLYAINAYDQTGEKTIQNGKANIALYAKGVGITSIWFSNMLIYANALEYGHSKQAPNGVMGVVAIRLGVYVTEAIKRARAKNAL	145			structural	NCBI GenBank CDS product; coordinates parsed from local gbff	build_genbank_cds_annotation_input.py
Klebsiella phage PhiKpNIH-2	H1O11_gp02	NC_049845.1	445	831	-	head closure Hc1	YP_009903279.1	MIAMNYKQIQARASAGIKFFSDADGVFNKYTKGAGGGIDPETGEDIIPGEVVTTIKGAIRDVNDRDINGETILAGDKRGFFTHDVPIMEGDEIEVDGERYRVVNARPVKPTGTVVAYRPVLRRVATYG	128			other	NCBI GenBank CDS product; coordinates parsed from local gbff	build_genbank_cds_annotation_input.py
Klebsiella phage PhiKpNIH-2	H1O11_gp03	NC_049845.1	828	1244	-	virion structural protein	YP_009903280.1	MNYTIQDVIDKMRSLAPPLKKVPDELLTAWVVLAEEFVCKSRFGDSIVTAIALMTMHLMFLDGAMKQEGESLESYTQRVASFTLTGEFSQTFDRVSASSDNEMLSTPWGKMYWRMLKMRGGGFGLLTAGNVRRCGIGR	138			other	NCBI GenBank CDS product; coordinates parsed from local gbff	build_genbank_cds_annotation_input.py
Klebsiella phage PhiKpNIH-2	H1O11_gp04	NC_049845.1	1298	1600	-	hypothetical protein	YP_009903281.1	MTSKKETVETAEITSAEITSAEQTPQVVQLQNVGACAIRYKGTNYVYEQVFEVPESEIDRFRHEIFKGRVEFYDNPKRTREYIAAVKATAKEIVQPKSAE	100			unknown	NCBI GenBank CDS product; coordinates parsed from local gbff	build_genbank_cds_annotation_input.py
Klebsiella phage PhiKpNIH-2	H1O11_gp05	NC_049845.1	1691	2650	-	major head protein	YP_009903282.1	MTMKLDAFEQSAIKVAMQAMGVDATKLDAYGIWTVKQMTQLLNRQYEQAYPQTSALELFPVTTEISPTARRFEWLEFDGVTSAKIIADYTDDLPTVEAMAKEKSGKVFRLGNAWFISIDEIKTGAALGSSLSDRKATLAREGHEKLVNDLVFKGSAPHGIVSIFDHPNINRKTAGAKWGNDAAAAEKAFEDMEDLLNMIEETTLGRHHATNIVIPPSKRRLLTKKMPDTSGDSYLTWFTKNHPNITITAMAELEDIDGAGTKGVLAYEKDPMNMSIEIPERFNMLPMQPKDLHFKVPCTSKCTGLIVYRPLTIAILTGI	319			other	NCBI GenBank CDS product; coordinates parsed from local gbff	build_genbank_cds_annotation_input.py
Klebsiella phage PhiKpNIH-2	H1O11_gp06	NC_049845.1	2761	3264	-	hypothetical protein	YP_009903283.1	MAQIPASYSRKRDIAVAGQIADTSLYNIDGTCVAEGDIKAGVLVASTGKVSNGHKVVKPATSASDVIVGIAQFSQAYSPEGKYDDDGAVNVMTHGRIWAIADTTVTEVDCKFDTFVTFTATGTVAKGSAGVIKTGYKHTGEYTKNADGTVLVKVQVLQGAVAPSVGV	167			unknown	NCBI GenBank CDS product; coordinates parsed from local gbff	build_genbank_cds_annotation_input.py
Klebsiella phage PhiKpNIH-2	H1O11_gp07	NC_049845.1	3316	4446	-	head maturation protease	YP_009903284.1	MKRVQRFDTVKVKARFDENGFLVDTPIVARIGAQTYQTPTGPRVEFRPRSEVFDAESLASYQGKPITLGHKMVNAQNAKGLVVGSCSGAGKEEGIGVLVPVMIYDGESIEQAKKRVAAELSVGYTSVDIDRKGWGNNATGEYYFDEDLPENFEEMKNDSVSDWVRFDAVQTKIRVNHVALVFRGRAGIAKLNLDSEQEFPYDDDSNHKGAKTMIIKIDGVDVEVADNVGAYIAKLDAQVASATSQVTSITAERDALQAKVDGIEDEVAARVAKIKADEDAKQKVIAVVSAAGVKCDGLDVKAMKVAYIKEVDGRDLSDKEDSYIDASFDFIANSDKMAGNRSKVFGKKEDGEQKDKGGLPKLDGTEIIDPQAKFRR	376			other	NCBI GenBank CDS product; coordinates parsed from local gbff	build_genbank_cds_annotation_input.py
Klebsiella phage PhiKpNIH-2	H1O11_gp08	NC_049845.1	4443	4928	-	HNH endonuclease	YP_009903285.1	MDWNNIFTYDDGLLRWRGKPSNNVEAGDVAGCFDGDGYRVVTIKPKQYKQHRIVWEMHNGPIPEGMEIDHENHVRSDNRIENLRLVTTKQNKRNYTRLRNNTSGVTGVSWHKSYEKWQVTIYDNHGKRVYLGRFSDFDEAVKVRREAEKLYNYHTNHGDKK	161			defense_counterdefense	NCBI GenBank CDS product; coordinates parsed from local gbff	build_genbank_cds_annotation_input.py
Klebsiella phage PhiKpNIH-2	H1O11_gp09	NC_049845.1	4930	5691	-	head morphogenesis	YP_009903286.1	MKITAIKTWRYPEASERQLSRSMQDAVTELVVEMRDRLDRLKFDATAEEISQAEDDISESAIVFFSAVIAALSSIGLTIYRFNSKQWLAIAIAAGGRNNESVMRLKEFGAGGYEDWYQDSLRKWEDTAEASIRKLASDIVADWTTKVRTANNIGKSRQQIDEIIEGRYAIYGSWSRNRASGIIGTFNSMLMMQRLKDAKVSHYFWFGMMDDRERESHIKLEGKRRPVNGDGIFPGEEYQCRCWACPDFENIEG	253			other	NCBI GenBank CDS product; coordinates parsed from local gbff	build_genbank_cds_annotation_input.py
Klebsiella phage PhiKpNIH-2	H1O11_gp10	NC_049845.1	5672	6166	-	HNH endonuclease	YP_009903287.1	MNDKNGGSPPFSEYLKYLDGVLYWSKSRSNVKAGSVAGRVSNGYISIKLNGKEYQAHRIVWEMHKGKIPSGLVVDHINHNRTDNRIGNLRLVTKKENSKNRSKPSNSRSGVVGVRWYAPRGKYRAEIMVNRKTIFLGYFCTIIDAKAERLRAERRFKFHENHGN	164			defense_counterdefense	NCBI GenBank CDS product; coordinates parsed from local gbff	build_genbank_cds_annotation_input.py
Klebsiella phage PhiKpNIH-2	H1O11_gp11	NC_049845.1	6159	7466	-	DUF1073 domain-containing protein	YP_009903288.1	MNNIKMDDYNQIFNGGAGYASTLASIAARFGTMSQVEEFYHENGMAKKIVDVIPEEMVAPGFQLNGISDNTKFQSEWDGLNLEPQITDALCWARLYGGSYVLAMVNDGRALTSAAKRGKPLESIVVYDHDSVSVAEEETSPRSPRFGKPKMYEVKPLNGGQPFKVHYTRMHYIDGERVTNKVRQLNKGAGGSVLNKSIIEAILDYDYSEYLATQLLKRKQQGVWKAKGLALICDDKEGEYAARLRMAQVDANSGVGNTIGIDADDEEYTVINSDISGIPEFLSAKMDRIVALSGIHEIVLKNKNTGGVSASQNTALQTFYKLVDRKRNGDYKPLLEFLLQFIVTEEEYSVEFEPLSLPTDAEKADIFQKNANAARGLVTDQVIDANEARDTLSALIPELKLKGNAPEQKRLPDRTAGSGKAQSAEILNNTEEVDE	435			other	NCBI GenBank CDS product; coordinates parsed from local gbff	build_genbank_cds_annotation_input.py
Klebsiella phage PhiKpNIH-2	H1O11_gp12	NC_049845.1	7512	9113	-	terminase large subunit	YP_009903289.1	MNEMIIWEDLSPADKLAIKALSTRNFSLFLKIWFQIIQGEKLMWNWHHSYFCHTVDEIIAGKRKSTIVNVAPGSTKTEVFSIHLAPYAYLKCRKVRNLQISQGDALSKGNSDRVIKIFSSSEWQELWPSRFGRKQIDEFQVMDDNDRVRLEMVSRSSGGQIVGKRGGYMTPGFSGLIALDDIDKPDDMFSKVKREKNHVLLKNTIRSRRAKKKKGDETPILSVQQRLHAQDATWFMMSGGMAIDFDRIVIPAMVTREYGESLPDWLRPEFERDVLSGPSVVIDGVEYWSFWEENESIENLVALREADLYTFLSQYQQEPIALGGNVFKSEWWRYYGDSDNAHEPRPDKFEYTFITADTAQKVKELNDYSVMCYWGKYRDRVYFIDGIRGKWEAPDLRVQAEAFIKQCWRRNKECGNLRRIYIEDKASGTGLIQDLTKAVNGMGEIVPVQRDKDKVTRAMDAQPIIKGGRVVLPDNHPFVAELEAEMSAFTYDDSHPHDDICDNVFDAANLEMNLSDDPVERMKRLAGLKKLGR	533			structural	NCBI GenBank CDS product; coordinates parsed from local gbff	build_genbank_cds_annotation_input.py
Klebsiella phage PhiKpNIH-2	H1O11_gp13	NC_049845.1	9123	9647	-	terminase small subunit	YP_009903290.1	MSEERRKRVTKSHFEGNFKALYEKEFGVVLGRTAEMTPEQFFDIAKRYFQWAEENAIKAAETATFQGDVNEWGVNKPRIFTITGLSLFCGVNQSTLGRYRHDPNYAPVMEFIDSVIYEQKFQLAAVGMINASFVGKEMGIDKPPVLNIDAIAGDKNEITEERLEQAVTNILDKL	174			structural	NCBI GenBank CDS product; coordinates parsed from local gbff	build_genbank_cds_annotation_input.py
Klebsiella phage PhiKpNIH-2	H1O11_gp14	NC_049845.1	9727	9990	-	hypothetical protein	YP_009903291.1	MLTLFIALLMLFIGYHVGAAHLVERLSKRVHEGTFAAMMYNKKTARWEKIGDPDGIAKRIAFSPLPYVDCEPFVKLQKTLNRRNKLI	87			unknown	NCBI GenBank CDS product; coordinates parsed from local gbff	build_genbank_cds_annotation_input.py
Klebsiella phage PhiKpNIH-2	H1O11_gp15	NC_049845.1	9984	10175	-	hypothetical protein	YP_009903292.1	MQYKIILTARKMGGFCKSCIQEFSMTIEANDAADAVEKAKKQSGVNLDTHKININYIREVNQC	63			unknown	NCBI GenBank CDS product; coordinates parsed from local gbff	build_genbank_cds_annotation_input.py
Klebsiella phage PhiKpNIH-2	H1O11_gp16	NC_049845.1	10307	10540	-	hypothetical protein	YP_009903293.1	MFGLNEAQYNAVKRIAKQMAAETKDAIKKDKKTYDQVAAKMIDKHWAQINTLVTRGQFIWIAGYLEGRFGRRDGDYE	77			unknown	NCBI GenBank CDS product; coordinates parsed from local gbff	build_genbank_cds_annotation_input.py
Klebsiella phage PhiKpNIH-2	H1O11_gp17	NC_049845.1	10528	10764	-	hypothetical protein	YP_009903294.1	MPEYSKVEDMPIGATITGIRMSESDDAIKPLAFPVTQVETDSRKGFIFIYKNFNSPLRVEVFIARGTWVEWEKAKCSD	78			unknown	NCBI GenBank CDS product; coordinates parsed from local gbff	build_genbank_cds_annotation_input.py
Klebsiella phage PhiKpNIH-2	H1O11_gp18	NC_049845.1	10834	11409	-	DUF550 domain-containing protein	YP_009903295.1	MSNKIWVLTYTIGTNEGRKSRRLICDTKEQAIMQQTVLGGDLVEYIRKPEAFKVNWPEGMDINGALASLRELQNNPKTWSDFQCLRAEPEVKADPFTNIRAQHAEWSDRQFGDVGPVGPLKHLAKEAIEAAEAPDDISEFADILMLVWDATRRAGFSDEQLAEAVAEKLERNKRRAWGEVKDGEPCHHVKN	191			other	NCBI GenBank CDS product; coordinates parsed from local gbff	build_genbank_cds_annotation_input.py
Klebsiella phage PhiKpNIH-2	H1O11_gp19	NC_049845.1	11406	11618	-	hypothetical protein	YP_009903296.1	MKIKITKVDTLNGEGSITLEECGLKIGEVLEVNGHFNDGSYCVIAPRNSEFIQAGDNISVSADECEVVEE	70			unknown	NCBI GenBank CDS product; coordinates parsed from local gbff	build_genbank_cds_annotation_input.py
Klebsiella phage PhiKpNIH-2	H1O11_gp20	NC_049845.1	11677	11889	-	hypothetical protein	YP_009903297.1	MNIKMWFNGFTYNVKFRGKFYYWCDEGGKRWRVRPYQEGAQYEFGVAEEQGRVEWVKLKVMDGLQNSTNC	70			unknown	NCBI GenBank CDS product; coordinates parsed from local gbff	build_genbank_cds_annotation_input.py
Klebsiella phage PhiKpNIH-2	H1O11_gp21	NC_049845.1	11898	12122	-	hypothetical protein	YP_009903298.1	MATPPKTRKNIMIYAIIALVVLILALYACGCFLMRAFLKSADSTDKEDLYPVLCWPWITVSAVGSVIISRNFKW	74			unknown	NCBI GenBank CDS product; coordinates parsed from local gbff	build_genbank_cds_annotation_input.py
Klebsiella phage PhiKpNIH-2	H1O11_gp22	NC_049845.1	12155	12478	-	hypothetical protein	YP_009903299.1	MNTTQIIHLIPSDNFAKDDADPLLAAVIRAGIDWALSDASCESFMREPFSRIAELEQQVAFLTGELQEAIATIEKVREIMRTEHAYDIEDHARVLRMMADAFAKLQQ	107			unknown	NCBI GenBank CDS product; coordinates parsed from local gbff	build_genbank_cds_annotation_input.py
Klebsiella phage PhiKpNIH-2	H1O11_gp23	NC_049845.1	12554	13042	-	hypothetical protein	YP_009903300.1	MNTVKLMVVNAARERESHLIGCVFDAVEVKDSKGDFHVIQGGYLNEFIVNPLDTDEDLTIRVGGEPENALFHLRKVSKASQRKLLVRALKRIAKQRGYTDAYIRKFGTFAGVGDWARSWADYYFNKSGEFCSTHTDWLHGTEHDPVNGHEWYEFIEAELDAL	162			unknown	NCBI GenBank CDS product; coordinates parsed from local gbff	build_genbank_cds_annotation_input.py
Klebsiella phage PhiKpNIH-2	H1O11_gp24	NC_049845.1	13042	13260	-	hypothetical protein	YP_009903301.1	MNDNLIALLEELNSYGCAYIELSSEQVIEVAIDDDAGFTRLRVAAGAEEEFEDCGIREVTNLLESHQVKEIR	72			unknown	NCBI GenBank CDS product; coordinates parsed from local gbff	build_genbank_cds_annotation_input.py
Klebsiella phage PhiKpNIH-2	H1O11_gp25	NC_049845.1	13341	13526	-	hypothetical protein	YP_009903302.1	MKVSKKKLALYWAFFLVGLALHDSVGWQTIGMLCMIIGVCRLSEINGFRRGYRAAFSGEKE	61			unknown	NCBI GenBank CDS product; coordinates parsed from local gbff	build_genbank_cds_annotation_input.py
Klebsiella phage PhiKpNIH-2	H1O11_gp26	NC_049845.1	13523	13768	-	hypothetical protein	YP_009903303.1	METLKVICTHVGYSPLSTYFTPGCEYDARFGPGLDEVWILQDDQGTTEDEEFWPACRMPDEKIAMYANRPYENNVLFEVKV	81			unknown	NCBI GenBank CDS product; coordinates parsed from local gbff	build_genbank_cds_annotation_input.py
Klebsiella phage PhiKpNIH-2	H1O11_gp27	NC_049845.1	13768	14070	-	hypothetical protein	YP_009903304.1	MIRLSDFDRHCLTGQFGEKPVLCKISKVKGEPFEQIRTLISFARRNRLYIQARGGLFAKQVHFAYGTGFYTGGDGVNPSPKRVRLREIIEHGYVWTNGIY	100			unknown	NCBI GenBank CDS product; coordinates parsed from local gbff	build_genbank_cds_annotation_input.py
Klebsiella phage PhiKpNIH-2	H1O11_gp28	NC_049845.1	14080	14454	-	hypothetical protein	YP_009903305.1	MKQIIKNAVVAIVGTNFEGKKSRIHLLHVGNDGKMRGAFYLGDRGQRLHSDEHPFRNMTHFRNSLDYSPSWSPEYHFEGLMVESFVTDPTKLTARDYKRMARKAHKLMKRTPEDHVWHIFANQL	124			unknown	NCBI GenBank CDS product; coordinates parsed from local gbff	build_genbank_cds_annotation_input.py
Klebsiella phage PhiKpNIH-2	H1O11_gp29	NC_049845.1	14524	14844	-	hypothetical protein	YP_009903306.1	MIHEIKSKKQVVATIKKRRVVAFQLNIPDPDDTQSIDVPIWANTIAIDADGAIWAYESTAEEVRIIGDQDDAWSDWGKAKNMIDQIGAMARFSDWAKSKIDLRGLK	106			unknown	NCBI GenBank CDS product; coordinates parsed from local gbff	build_genbank_cds_annotation_input.py
Klebsiella phage PhiKpNIH-2	H1O11_gp30	NC_049845.1	14930	15067	-	transcriptional regulator	YP_009903307.1	MIGNHNNELNAAAHRRAVERNFNALKVACDEMKAMLELPSWDPQL	45			other	NCBI GenBank CDS product; coordinates parsed from local gbff	build_genbank_cds_annotation_input.py
Klebsiella phage PhiKpNIH-2	H1O11_gp31	NC_049845.1	15137	15361	-	hypothetical protein	YP_009903308.1	MPRFSATTKLRTFAGMPIPHSSTKAVRGSEHGVYFHWLGKWRFTVIRGFYVTCDRVDIADHSGGNQIHEFKRHE	74			unknown	NCBI GenBank CDS product; coordinates parsed from local gbff	build_genbank_cds_annotation_input.py
Klebsiella phage PhiKpNIH-2	H1O11_gp32	NC_049845.1	15431	15538	-	hypothetical protein	YP_009903309.1	MSKKNPYSTSNYHNEHVMRWHWQKLKERYLARHGK	35			unknown	NCBI GenBank CDS product; coordinates parsed from local gbff	build_genbank_cds_annotation_input.py
Klebsiella phage PhiKpNIH-2	H1O11_gp33	NC_049845.1	15556	15735	-	hypothetical protein	YP_009903310.1	MDKVIKMSEVKPGMMVKFAGKFRLVLAADRKENILTIRVNGKAQLFAPQSDIDVEVRIK	59			unknown	NCBI GenBank CDS product; coordinates parsed from local gbff	build_genbank_cds_annotation_input.py
Klebsiella phage PhiKpNIH-2	H1O11_gp34	NC_049845.1	15795	16016	-	hypothetical protein	YP_009903311.1	MNFKASDVKPGVVYGSRLNNRLWRWDGETMRTKGEGDVIWHECGWPHPTMSRLDIAYYLSVGDMHEVEDSTFC	73			unknown	NCBI GenBank CDS product; coordinates parsed from local gbff	build_genbank_cds_annotation_input.py
Klebsiella phage PhiKpNIH-2	H1O11_gp35	NC_049845.1	16006	16158	-	hypothetical protein	YP_009903312.1	MITLITWEHENSKPEVREFETVAACYNLAANGGFYKAQIVNEFGVVDYEF	50			unknown	NCBI GenBank CDS product; coordinates parsed from local gbff	build_genbank_cds_annotation_input.py
Klebsiella phage PhiKpNIH-2	H1O11_gp36	NC_049845.1	16231	16809	-	hypothetical protein	YP_009903313.1	MQYKGYDFEEVDVSEWMRYDAEKQAAYHEWLQSITFGDATGPAGRSKEGAKTEGTFTGNRSSEIRRMFLDGGRRIQMTAEEFAEKFGVHPVDNHFRRPLLKLLEPGEVLRVSLGAGLISVFTEFDAMTGSHLEAEAYRRQGAISERERIKGLVSALAVDFAGSALTGIYKANLFAAIDLGLTASDISQHCQQ	192			unknown	NCBI GenBank CDS product; coordinates parsed from local gbff	build_genbank_cds_annotation_input.py
Klebsiella phage PhiKpNIH-2	H1O11_gp37	NC_049845.1	17128	17235	-	hypothetical protein	YP_009903314.1	MHKCMHHARNLPIEASKTSSCVSPTFTSCGSVGEE	35			unknown	NCBI GenBank CDS product; coordinates parsed from local gbff	build_genbank_cds_annotation_input.py
Klebsiella phage PhiKpNIH-2	H1O11_gp38	NC_049845.1	17332	17454	+	hypothetical protein	YP_009903315.1	MQSPSIPLFRICGIISNRRNSTFCQKPSCRLCYDDFNETN	40			unknown	NCBI GenBank CDS product; coordinates parsed from local gbff	build_genbank_cds_annotation_input.py
Klebsiella phage PhiKpNIH-2	H1O11_gp39	NC_049845.1	17473	17754	+	DUF5417 domain-containing protein	YP_009903316.1	MKLQRESINLGSEYNGKWNFVIMDSDADKIEAVEEALCEMAAGFSVGGEEKTWGDYCDQCPCCEDGYGSGFWIPVEDVPAFKEAYKAAKKAVK	93			other	NCBI GenBank CDS product; coordinates parsed from local gbff	build_genbank_cds_annotation_input.py
Klebsiella phage PhiKpNIH-2	H1O11_gp40	NC_049845.1	17827	18021	+	hypothetical protein	YP_009903317.1	MKAFADVVVGDKIQYGASDLFRTVTDIEKGRGVNGFTVFVVLDGVARFAVDARDWVFCIEKGKV	64			unknown	NCBI GenBank CDS product; coordinates parsed from local gbff	build_genbank_cds_annotation_input.py
Klebsiella phage PhiKpNIH-2	H1O11_gp41	NC_049845.1	18018	18257	+	hypothetical protein	YP_009903318.1	MRKRRAGEVVCTCDAYHFPHRMFGGSCNGIAIVIANVGGAECQHCQLLNNGRCEVLAGIENPIECHYVADFIQRNEVKI	79			unknown	NCBI GenBank CDS product; coordinates parsed from local gbff	build_genbank_cds_annotation_input.py
Klebsiella phage PhiKpNIH-2	H1O11_gp42	NC_049845.1	18257	18634	+	hypothetical protein	YP_009903319.1	MRTVTISNSFSYIIGSPEGRIKAIRDKATNDVTDAFSAAARAAITHYYGRGPEEFSAYSAPFLVVKKEGGNVWQINDKQTGEFIFGSVPCRVGSNDVTIQELGDLEPRVQRTIYISQDYATCVPA	125			unknown	NCBI GenBank CDS product; coordinates parsed from local gbff	build_genbank_cds_annotation_input.py
Klebsiella phage PhiKpNIH-2	H1O11_gp43	NC_049845.1	18707	18934	+	hypothetical protein	YP_009903320.1	MNHPKTDSILAVLNAHGRVVLRMNRASGFTQITITKSKGRYIIGTVPGGRLVQSSLAGVTLTLESNSMFIEAWKA	75			unknown	NCBI GenBank CDS product; coordinates parsed from local gbff	build_genbank_cds_annotation_input.py
Klebsiella phage PhiKpNIH-2	H1O11_gp44	NC_049845.1	18931	19623	+	DNA methyltransferase	YP_009903321.1	MKEKVIYCMFDGSGIMGQPWAIKGCKVYCFNADSGDHGEYSIRMVHPNIQYVNIWIDKDFDVKRTILGIPDPDIIFAFPSCTLLAHSGIKHVRQDNDVLSAADDAKMVERLGNEYGCPWMVENPVGKLSSLWRKPDFYFHPRDFGGYVSPNEPVWHPKMPHCDNYTKKTCIWHGNGFVEPKRLPPPDGVEGVNFFWAWKFLGGRSERTKMLRSITPRGFARAVFQANYRE	230			defense_counterdefense	NCBI GenBank CDS product; coordinates parsed from local gbff	build_genbank_cds_annotation_input.py
Klebsiella phage PhiKpNIH-2	H1O11_gp45	NC_049845.1	19696	19899	+	membrane protein	YP_009903322.1	MKFIILMMLTILCMSGPGGFIFAVMLLVVAGIIDVRHHHVMTDLRLNRLINDLKIACESMEIKVVKK	67			other	NCBI GenBank CDS product; coordinates parsed from local gbff	build_genbank_cds_annotation_input.py
Klebsiella phage PhiKpNIH-2	H1O11_gp46	NC_049845.1	19896	20078	+	hypothetical protein	YP_009903323.1	MISQKLAEVCREVLRMNNGGATLTAMQNKIESHVGFKLSCRNKADFLDLVNLYIEMGERK	60			unknown	NCBI GenBank CDS product; coordinates parsed from local gbff	build_genbank_cds_annotation_input.py
Klebsiella phage PhiKpNIH-2	H1O11_gp47	NC_049845.1	20079	20516	+	hypothetical protein	YP_009903324.1	MAKSIKIKCTSSRAVNIHENNLYYARVDDEGNVSMMVYDSIELKKKRVILSVGVSGELFIAGYGGAAVATFIELKTKTLKCVGLDHSNPMKKSFSVGKRYQVESGRALGAVAGYIFDRDGCRWTLYREEVGFSVSDGTTFEAKYL	145			unknown	NCBI GenBank CDS product; coordinates parsed from local gbff	build_genbank_cds_annotation_input.py
Klebsiella phage PhiKpNIH-2	H1O11_gp48	NC_049845.1	20642	22210	+	DNA helicase	YP_009903325.1	MFLNDRVSPQDIIAIAEREGISPLRVAIRANGYRDSVSFWPKPKDIDVNADKYPTISIANDYDVVGKLALNAARSVQFPESSAYMHFLGTVSAAMMGRFWVEYHGSEQPTTLYVITSQPPSAGKSAINSLAIDPIVAEVERINELRKKERKKIMAKLSANKQALKGELSQSDMVKLFEDRDELEEKLEKLCDLTFPVSDTTPEGLAKINNRQGNFAVISDEATAVNSLLGITYGNDGGKKTNSELVLKAWDKGHVSIARADVSNNMSFEALGCICVIAQDETIDAIMQAGSRGIGVSERFLLVREQTRLGERVFIDENGNSTYEPIDQSLKADYFRLIHDIMSESNIKLQVTDAAMRRLNKARQELEPELGDGGKYSHTMLRGAMGKFDKQVMRLASVIHTIRNWQPGGKRSKKIDTATIDEAIIMFHELSKTYLSSADSSGFAGEGAEIKALYDVIASRCKQAKGVMTVQGIYNACRNLKIFKGQAGVSKKIKERLLPKMEELGFICVMDSEVFINPSFMR	522			replication	NCBI GenBank CDS product; coordinates parsed from local gbff	build_genbank_cds_annotation_input.py
Klebsiella phage PhiKpNIH-2	H1O11_gp49	NC_049845.1	22214	22675	+	hypothetical protein	YP_009903326.1	MFILDIYKFCESRREFTRQDFAKFVYMHREAPRLAKAANVSQRMFASMVSKEFLARSYTNGYLDGKNGAVWCTGPDNREIGFDFRSFEGMDNRYMWEMMHLDQLSDEQLFGKPGGRSDNGSSQACLCETDHTRKLLACRAHLALSRNGRNQHG	153			unknown	NCBI GenBank CDS product; coordinates parsed from local gbff	build_genbank_cds_annotation_input.py
Klebsiella phage PhiKpNIH-2	H1O11_gp50	NC_049845.1	22745	23170	-	Rz-like spanin	YP_009903327.1	MSTLNFQRALAIGFIVWAAAVVSGCASSVPILSDLVGSKPDMTAQVGAENVKQAVGVTNKTDTSSKQETTFKESAVGKVDTSNKKSVTTSSIHANQITADKIEIRNDESGSLIPWLIGGVGVVMLAIGAFGIWRERKNKGA	141			lysis	NCBI GenBank CDS product; coordinates parsed from local gbff	build_genbank_cds_annotation_input.py
Klebsiella phage PhiKpNIH-2	H1O11_gp51	NC_049845.1	23167	23649	-	endolysin	YP_009903328.1	MGMKTRLTFAAAVAIAVAFLPEVEDTKYNVYMDIAGVPTVCEGITGPDVIKGKTYTRSECDALLTKHIQVAKRTVDSKIKVDVPDTFRASMYSFTFNAGGGAYSGSTMLKLTNQGRLREACEQLYRWTYYRNPKTGKMEKSKGLYNRRVQEYQLCIKDLK	160			lysis	NCBI GenBank CDS product; coordinates parsed from local gbff	build_genbank_cds_annotation_input.py
Klebsiella phage PhiKpNIH-2	H1O11_gp52	NC_049845.1	23651	23866	-	holin	YP_009903329.1	MREFINAATNSSGGVALAGSATGQLIIAAIGLFFMILFGSFGAWLRWRDSKALREALEVGDIKTAMKIRSK	71			lysis	NCBI GenBank CDS product; coordinates parsed from local gbff	build_genbank_cds_annotation_input.py
Klebsiella phage PhiKpNIH-2	H1O11_gp53	NC_049845.1	23993	24574	-	deoxynucleoside monophosphate kinase	YP_009903330.1	MKNVIILNGAPGIGKDTIAEIISRKWEYKNLSFKQPMFAIARAVLGSTDFARFTARYHDRKHKEVKCDFLGDRSPREFMIHISENFVKPTLGKNQFGKLLCDSALTSPFNCIVSDGGFDEEVEHVAAHEALNVFVVRLHRDGMTFESDSRKHIRRPDLICDTYHELDFDMTTGEPEDDAQKILNMVSDVALKL	193			other	NCBI GenBank CDS product; coordinates parsed from local gbff	build_genbank_cds_annotation_input.py
Klebsiella phage PhiKpNIH-2	H1O11_gp54	NC_049845.1	24571	25059	-	polynucleotide kinase	YP_009903331.1	MNRNICIFDLDGTLSDGTHRLHLLPKKDLHLTESWSEFNGASIGDSPIQSTIDVANALYRSGMTVIILTGRSDEVKTETMIWLDRYGVKYDSLIMRRASDNRKDTVIKEEELRKIGLDRIVAAWDDSPNVIAHLRGLGITTYQVCDYGENLHEHLKSHGVDK	162			other	NCBI GenBank CDS product; coordinates parsed from local gbff	build_genbank_cds_annotation_input.py
Klebsiella phage PhiKpNIH-2	H1O11_gp55	NC_049845.1	25097	26227	-	DNA repair exonuclease	YP_009903332.1	MLPKITDEEFLAAREEGKTYREIAEEFGMNIRSVERRGVRLARQGHLHGNAHVAKHIPDGFGVKGTSTMIRADGSEVVRWVKSEVDRDRMVALMEAAQAAFCEDLPRAEPQPLDESKFYIEDQLALYPIFDLHIGAMAHKHECGENYDTSTAEKVLNRFFDYSVSVAPQSQKAVLLVGGDFLHSDGLDAVTPASGHVLDQDSRYAKLVYVAIRSLRRAVSLLLNNHAEVEVQVIEGNHDQAGMIWLRAALAAFYENEPRVFVDVSPAIMHRTLWGKTMLGYTHGHTMKKPETRLAAMATDFRKEFGQCDYIYTHSGHWHHQTVTEHSLGIDEVHGQLGAKDAYAARGGWRSYRQAAVILYSKEYGEVGRFIYRPNM	376			defense_counterdefense	NCBI GenBank CDS product; coordinates parsed from local gbff	build_genbank_cds_annotation_input.py
Klebsiella phage PhiKpNIH-2	H1O11_gp56	NC_049845.1	26323	26574	-	hypothetical protein	YP_009903333.1	MMIVETGRAAAWQHAKEAGISDDIVKIAKYFDIKDISIIFGGKLTYLHERPVKRTRIAVATRAEADALKMFIHESKQQKKYYK	83			unknown	NCBI GenBank CDS product; coordinates parsed from local gbff	build_genbank_cds_annotation_input.py
Klebsiella phage PhiKpNIH-2	H1O11_gp57	NC_049845.1	26571	26807	-	hypothetical protein	YP_009903334.1	MKTKTIADTIKIVPAKAQVVSRHLVNISRLCMADYMANHSDNGLDGVVGEIYFRAGYGLESVAMYEQMAEGFCIYGDE	78			unknown	NCBI GenBank CDS product; coordinates parsed from local gbff	build_genbank_cds_annotation_input.py
Klebsiella phage PhiKpNIH-2	H1O11_gp58	NC_049845.1	26872	27108	-	hypothetical protein	YP_009903335.1	MEQIESFAEYLRIVVELLNKYGFIGTDEEKLAFADTIDGTYIEFMDNGIPMADWPAILERELLEFRSHEGAEYFAKQH	78			unknown	NCBI GenBank CDS product; coordinates parsed from local gbff	build_genbank_cds_annotation_input.py
Klebsiella phage PhiKpNIH-2	H1O11_gp59	NC_049845.1	27110	27838	-	DNA methyltransferase	YP_009903336.1	MKDIADKDTHDAFITFEQIERETFIGNALATGGHYQAVRPDKFYQVTGNRYAGSKTPDIVRDKWATDRSLIAYMEERYGPYDLDAAADRSNAVCPKFYDEKTDCLKRWWGKNKHIWLNPPYSFPDPFILKAIEQMEHDNQIDILLPGDNSTAWFRDAQKMAAEIIWIVADVEEDDDGNQLSRSGRLAFINGLSGKPVDNNNKGSVIFIMRKLKPGEEQKTLYIPVSEICPSLAKKRMRKRGV	242			defense_counterdefense	NCBI GenBank CDS product; coordinates parsed from local gbff	build_genbank_cds_annotation_input.py
Klebsiella phage PhiKpNIH-2	H1O11_gp60	NC_049845.1	27839	27943	-	hypothetical protein	YP_009903337.1	MKNFLWVIASIGFGIVATGFGLWVITLAGHFKGF	34			unknown	NCBI GenBank CDS product; coordinates parsed from local gbff	build_genbank_cds_annotation_input.py
Klebsiella phage PhiKpNIH-2	H1O11_gp61	NC_049845.1	28016	28423	-	VRR-NUC domain-containing protein	YP_009903338.1	MITDKGDYLEYYGGPVKACPLEKIDQMNSVSWLRHEYPDYLFWHTVNEGSKHKASAVIDHQMGLLKGVSDILILIGFGGKYPFAAIELKRQGKAQASPVSKEQREFLAAVRRRGGFAAVAYGFEQFKIAFCDAIK	135			other	NCBI GenBank CDS product; coordinates parsed from local gbff	build_genbank_cds_annotation_input.py
Klebsiella phage PhiKpNIH-2	H1O11_gp62	NC_049845.1	28423	30459	-	putative ATP-dependent helicase	YP_009903339.1	MSLSIEQQIDLYADKIQAIQKRFTVGNIVPYPYQAVAYIETAKRIANYTAPFYIKASVSAGKTIMIAMLAAQCKAMNLPMMVLARQAEIVKQDSEEISNLDVPNSVYCAGLGTKAAYFPIVVGSEGTVVNGLFKMLGDYAPSVLAIDECHQVDWQDLAEAIANNESFEYMSRPKDKPYRVNGELVDADHPYDEKFDDVEFGGGRTQYTIVICELMRRCLEKTGRELRIVGYTGSEFRGVIPILQEDKSQPGFWREQITDINTNYLVEFGSVVPTIFGDTEADGLGYDLSEFHGSSQDGTQDFSAEELRKMEKKIHESGEMTKLIMQKVVERAKTRNGVLITCAGQRHCKEAASYLPPDATYAIITEKTNSKKRGEILDKANRGEIKYIFQVMALTTGVNVPFWDFSVILRKIGSLTLLIQLLGRGMRLLKDWQKQPPYSWVKEDHLVWDFAGTMDDLGQLYFDPILEQAQYQRRKSSKNGPKICPVCKGENSEYARRCIHKDSNGNRCEYFWISQRCEDQKDPRTGKIKVKGCYAENDIVARQCRCCGVQLKDPNDNLTGKHYTQNDWYDVVGFDIGLTRNQSGIIFNYVLLNHDGERFTAREKFFPESENQICGKLWRQKAVFQHVNDAVMRGKLGGMKNARKILENAHYFRAPKRVTHRVNGKKEDIISRKDFGDE	678			replication	NCBI GenBank CDS product; coordinates parsed from local gbff	build_genbank_cds_annotation_input.py
Klebsiella phage PhiKpNIH-2	H1O11_gp63	NC_049845.1	30456	30968	-	HNH endonuclease	YP_009903340.1	MASTEEDVAYFKRLFRYEGGTLIRKVTTSSRAFAGDSVGCENNAGYLQVSVKSKPLYVHRIIWEMHNGPIQEGMEIDHINQVRTDNRIENLRLVSHQGNLKNQSMNSGNTSGHAGVSWFKRGGKWRVTIKVGGRQTHIGYFASFESAVAARKAAEKQYGFHDNHGAEKKK	170			defense_counterdefense	NCBI GenBank CDS product; coordinates parsed from local gbff	build_genbank_cds_annotation_input.py
Klebsiella phage PhiKpNIH-2	H1O11_gp64	NC_049845.1	31060	31461	+	transcriptional regulator	YP_009903341.1	MEQMAKVDKRTLNGNNGTSRGKDKKKRKRPTGYYVLKDEVRAGLTARMELVIDAFGGIAGTAKELGVSIQVVQQWRKRGMISADGAYLVHKSYRRNNCKGFRASFCRPDLRFDSNGKPVTRRCDRREMLRVVR	133			other	NCBI GenBank CDS product; coordinates parsed from local gbff	build_genbank_cds_annotation_input.py
Klebsiella phage PhiKpNIH-2	H1O11_gp65	NC_049845.1	31537	32499	+	DNA primase	YP_009903342.1	MDFYDEKEVLPYMAGMWREALQNICGIHSRYFNGKHQDCPNCGGKDRFRWTDKLETRGDGGAYCGGCGADKGIGWLMKLSGQPYSECINILGRYLGKVPQEYVIKRNKRVTRDNGYDYGKMADHERVLAVLNRTEAVDSTPVTLYEGIENEHIKSYQVGIKTHENGRQELIHALPMQLVHEDGPDDEYCNMLFIDEEGREKMLAGDLTFGSVIVTNQSDDGNGPIYLARSWVEAMHFNIASSFKCDVWACIIPSNVEIVAYRYKGKGGGEGKRELRVVCSRKDRDMLAAAEERDMKVIVPNNDNFKGGFERKLYVASSLL	320			replication	NCBI GenBank CDS product; coordinates parsed from local gbff	build_genbank_cds_annotation_input.py
Klebsiella phage PhiKpNIH-2	H1O11_gp66	NC_049845.1	32993	34039	+	exonuclease VIII	YP_009903343.1	MAEAIFKAYTNAELSNDDYHDPNSWCARYVSGSSLGEIYATSPAHWKYKDREETAALSFGTCSHTCMLETSKFNGEYLRATAPGDVKDLITSKSALSAKLKACGLIGTSNKDYPELLEMAYRAGIDVNVWWAIELCDESAAINSGRKLVKDSDFDAVVQMRNVMLANPRHAACIESDTAQRELSIFGEIFGVPVKVRLDHVDVVSNPELIKEWGFNPDEVFEVVVITDYKTTQTSKPDDFGRLAFNLGYYLKMALQRDLFVKTYNEKRPVVVRLLTQEKKSPFAPLAFTLTDQQIEIGRKQYQSVIHQYAECVKHNVWPSYESNAAEVKLPTPQFVKYMFPEVYGTNS	348			defense_counterdefense	NCBI GenBank CDS product; coordinates parsed from local gbff	build_genbank_cds_annotation_input.py
Klebsiella phage PhiKpNIH-2	H1O11_gp67	NC_049845.1	34099	34755	+	Erf-like ssDNA annealing protein	YP_009903344.1	MRTSESFKEIAVALIKAKSGFVAAKKSGKNSHLGNTYANLGDILDAIGPSLEKNKIMVIQSMMDTSTDKVMHLETMFLHESGEWMAFQFNMPISKTVEQAYGSTTSYARRYALAAALGIKQADDDAEIAKMKPQDFKKRIDACEDLESLREIYKLAKQTLTPAEWKVTEDDITKRQAQLKVTPANGFNPGKPQEVAKREPEQVESKPEPEAQDISSFN	218			other	NCBI GenBank CDS product; coordinates parsed from local gbff	build_genbank_cds_annotation_input.py
Klebsiella phage PhiKpNIH-2	H1O11_gp68	NC_049845.1	34792	35256	+	hypothetical protein	YP_009903345.1	MHVVTGVIRKAPYVKEGSNNNGPWKMYAVDLSERMKIRNRDGQDETVYTNYRAVFFAKESMIAWYDEALQVDKVISVTCRTLQIVNREHNGATYSHNEMIMPQLEFSQREPTQGGGNQQGGWGQPQQPKPQQQQPKPQSGGGNHGMDFDDDIPF	154			unknown	NCBI GenBank CDS product; coordinates parsed from local gbff	build_genbank_cds_annotation_input.py
Klebsiella phage PhiKpNIH-2	H1O11_gp69	NC_049845.1	35350	37635	+	tail fiber protein	YP_009903346.1	MALYRQGKAAMDANGIVTGIGTNWQSALTLIRPGATILFLSSPIQMAVVNKVVSDTQINAITTNGAVVPSSDYAILLSDSLTVDGLAQDVAETLRYYQSQETVIAEAVDFFKDFDLATLQELVEQVKEDAAASHESASASQEAASASHEAASESQEAASASQEAAAASQDAAADAEATRDEIQQIIDEAGEQSTLVVLAQPQGLMKIGSAANVSALSSISPTTVGQRIQVTEYATGYVVGGGNFIVQNSSDYTVDGGKVVASATAGLVFVREEYYASRIVKPEWYGCRGKGTAIPDTIPFKTMLGALVNGDYIQLMTNAVYYNGFPNNSQALDGWVIAADNITLDGGGATLSRATPSSASYSGFTNLKLTGDNPRITGTLLITSDDPTNKPLYAYRSTTKIDSREIFTAPLANTLGLWIYGSNNPYVGKSVTLERAVFPFFANKDTKGMKVYCTARKSGQIYPQPTSASSDLALGSTFKLDACYDFIMDVIANDSAYAGIESESNNVNGSITLVTNKAYHAGLHLWNRCKNITYKVSATDIVEGGGVITGYGCEACSGDVTVYNAQYVAAFIGNSETTPVISCNVKGSGYGVTDAVVFFTTAANNAYIQHCNVDITAVHADVFSIGTARQSAIKFNGGQHCDIKVNAKDFDYIFSLGMGTNNKFNATYNGFNVAFSYSDQRSFDNEYRYTDPTGNVYILQAKGSSFEYRSDAVTNPIIGFKPLNRKQIDCQALVNQSMPTSSASVGGFYYDPVTKQLKINL	761			rbp_depolymerase	NCBI GenBank CDS product; coordinates parsed from local gbff	build_genbank_cds_annotation_input.py
Klebsiella phage PhiKpNIH-2	H1O11_gp70	NC_049845.1	37645	37809	+	putative bacterial protein	YP_009903347.1	MSDLNEMFSNRAEVARVISEASSMHVQQDDGEGNKLTHNEQIEIAKNIESEANE	54			other	NCBI GenBank CDS product; coordinates parsed from local gbff	build_genbank_cds_annotation_input.py
Klebsiella phage PhiKpNIH-2	H1O11_gp71	NC_049845.1	37842	37964	+	putative tail collar protein	YP_009903348.1	MTYATIHTNYGLQRLAQAETTGAPIKLVEIAVIHCEMLFI	40			structural	NCBI GenBank CDS product; coordinates parsed from local gbff	build_genbank_cds_annotation_input.py
Klebsiella phage PhiKpNIH-2	H1O11_gp72	NC_049845.1	38032	41847	-	tail protein	YP_009903349.1	MTNIKARKGGSSKPRTPVEMPDNLISKDKIKLLLAVSDGEVVNDFSLKQLHFGGVPVQNEDGTFNYEGVIAEFRPGTQTQDYIQGFSESSAEFQVAREVTHNTPYTLTVSNKNLSAIRFRLLWPRVLTQKDNGDMVGSVVEYKIEMAVDGASYQTYLTGKIDGKNTTGGYDRSIRVNLPQNFTSQVLIRVSRVTPDADGVKVVDAFRVESYAEVIDAKFRYPLTAMLYVEFDSDLFQNQIPTISLKKKWKIIQVPSNYDPINRTYSGTWDGVFKWAWSNNPAWVLYDLIMNQRYGLDQRELGIPVDKWSLYEVAQYCDELVPDNRGGMEPRYLMDVIVQSQVEAFQLVRDICSAFRGMTFYNGESLSIIVDKPRDPVYLFTADNVVDGVFVRTFPSEKTMYTSCNVMFDDEENQYEQDVEPVFNPDAAMRFGHNPTSITAIGCTRRTEANRRGRWILQTNLSATTVSFSTGLEGMIPSCGDVIYVADPHWQSAFNLVLSGRVMEVTGTQVFLAYRCDAKAGDTLILNTDDGKPVRRTIASVSADGKTLTLNVGYNFDVAPDSVFLIESDQLAAEQYVVTRIEKGSDDDEFTFAITATQYDPNKYDAIDNGVITDGRPTSVVDPDSMGAPKDLTISSFSRIVQGMSVETMVIGWSAVQYAKLYEVQWRKDGGNWNNVPRTATTQVDIEGIYAGEYQARVRCISGGNVASPWSALASASLTGKIGAPKGPINLFASDNEIFGIRVKWAMPEGAEDTAYIELYQSQSGTDQDASLLTLIPYPAAEYWHSILPAGYVNFYKARSVDRIGNVSEWTDYARGMSSTDVNAITDVILGEILDSDAMKELQESAQDSAAKLNDYANSIIQNALANDGDVRIMRKENGKRKAEIKHAEVLIANETEARVQQVNQISAEFNENLNAGLTQVNEALANETEARVTSEEALSARIGQNSAALDQKLDSWADVNGVGSMYTMKLGLKYNGQEYNSGMALQLTAQGNNVVSQVMFIADRFAIIRNAESGAYTLPFVVQNDQVFMNNALIQDGSITNAKIGNVIHSNNYVDGQSGWSINKDGGAQFNNVIVRGAVYATDGWFQGTVYANHIEGDIGSFAINIAQHRTRKVPKATWQWFELARFRRQNFDQVINIRGGLLQTDSITIDGGAKLRAGMSYAPGADGGLDPGYLSYAMLIRGTGATSGGGSMELGIELMYETGGATRLLTAQESMNVDNMSFVVPAGTGDAVLRYGCYLNRNGQMVLTILSRFDAFTARNNNVIRGSST	1271			structural	NCBI GenBank CDS product; coordinates parsed from local gbff	build_genbank_cds_annotation_input.py
Klebsiella phage PhiKpNIH-2	H1O11_gp73	NC_049845.1	41935	42537	-	tail protein	YP_009903350.1	MASHTKTIKLSGSLGRRFGVFHKLAVDSVAECIRALSYQVEGFKPFMQSKVGSNMRFGVVADGKPISANDLSTFAVAREIRIIPIPKARKNGGLLQVVIGAAIMVAAFFTGGGSLAAMGAFSSAAFMAGGSMVLGGVMQMIAPQMGGNMRASESPENKPSYAFGGPINTTAAGYPIQLPYGYRLAGGALFGSGSYAEDNN	200			structural	NCBI GenBank CDS product; coordinates parsed from local gbff	build_genbank_cds_annotation_input.py
Klebsiella phage PhiKpNIH-2	H1O11_gp74	NC_049845.1	42512	43249	-	minor tail protein	YP_009903351.1	MLTPKIKMQIMQHAKEVYPHECAGLVTQKSRVQKYHRLDNVSPDPENESMPDETQYAMAAMDGEPIAFVHSHTGDGATTIPSATDLCFCDESGLSWVIVSIPEGDMRIIEPKRRPLIGRPWALGAYDCYGLIMDFHKRHGVTLKDRRVPFEWWKPEYKENLYQDYWQEDGFIENTGEPEVGDMIIFQLQAEKWNHAGIYVGNNNILHHAFGKLSRRDIYSGWYEQHKVLICRHKELKHGITYEDD	245			structural	NCBI GenBank CDS product; coordinates parsed from local gbff	build_genbank_cds_annotation_input.py
Klebsiella phage PhiKpNIH-2	H1O11_gp75	NC_049845.1	43251	44003	-	minor tail protein	YP_009903352.1	MTANVSKEFANCLQKLFPGEILTLIDIDATKFGGQVYRFHNENVAYTTEELLAAVNVGTLQPKMITFRGEQYGPRPFGLGGIAMSSDGTVEKPTLTVSNIDAQASALIRAYNGLMQAKVTVWVLVKELLQNDGSVKEGDFRRFVYYIERPKQVDPQKATFELTSVFDMDGLMIPARLTQTVCYWAQRGWYKSGKGCDYNGQNGYFDKLGNRVDDPAQDVCGGLVSSCRLRFGNEPLSFGGCATATLKSGS	250			structural	NCBI GenBank CDS product; coordinates parsed from local gbff	build_genbank_cds_annotation_input.py
Klebsiella phage PhiKpNIH-2	H1O11_gp76	NC_049845.1	44073	44417	-	minor tail protein	YP_009903353.1	MDSFKWCTQIQGGAAKVAISNNIRSIVFGNGYIQTASSGINTKRRTVPIVYGGSDWEEVYNFCQVHVTKPFVWKAPDGRMGVFVVTADSVNLAPQGGGVFEVTAEFAERFTSAG	114			structural	NCBI GenBank CDS product; coordinates parsed from local gbff	build_genbank_cds_annotation_input.py
Klebsiella phage PhiKpNIH-2	H1O11_gp77	NC_049845.1	44420	47512	-	tail length tape measure protein	YP_009903354.1	MADKVAGLTFGVDVSQVDKAVRSLAELKNQSQQTGAGLQSLADAERRATAQTEEMNRALQRQKQETDKSKTSFSRIASAIDPTISKMANLRKATEELDKAWALGLVPDKEFFRLGAIIESTTNKLRQQQAALTEEGRAAIAEAEAKQKAANAGRDFVASLKQQAESAGKTRAELLEMKAAQLGVSAEAAPFINALKQQEQALKKQQNAMGLAGISAGQYQAAMRQLPAQITDVVTSLASGMPVWMVAIQQGGQIKDSFGGVGNAFQALKNLIFGTSADINESLDETSESASDLAESFNNTAEAGEKIGGLIRFINPLTIGALALGVAIAAIAKAGYDAWKSQRDLANALVLTGGYAATTTGQINDLANELSETSSATSGRIQDIASTLASSGKYTIGQIKTITKTTAEWEAQTGESSDKIKGYFDQILKDPVKGLADLNDKFNFLNEGQLTYIESLRKTKGETAAADAATKLFADTMDKRLKDVADSATPLEKMWMDIKKWASDSWDWVGNHTVGALNLIVDTVSAIINTIRKLITDGDAMIAQFVVDAGRTLQKIPGMGDFGNDFLAQQEQLIKDSKAKSAELAKTIAEQQARIAKGEMGYIDAANNKDVSGGYSSKTKDRVNQEEKDILKNRNARKQQADAGVKIDEQYQAELLSLQAQLKVLQQHKGLDDKISQQRKDYFETVAKFQVLEEASQKRKLTQSEQQMLANKKNILYMAEQKAIVGDQIVQQQRLNALLDKSTKYQNQMAEKTKALQDTAGMGSKEQERYRANAQMAADWKNNGGSLSDPGFKSMQAASDKFYAQQDAQMMNWKAGFTHAWADIGDEVNDVYTNIGDITKNAFNGMASVLTDFVMTGKASFSDFARSVIGDITNMLIKMALFNSLSAAFGGGGTFSFANMFSKGFSGGGYTGDGGKYEPKGVVHGGEFVFTKEATQRLGPENLYRLMRGYASGGLVGGNASSGSGVTNGGNVAASAAMVFTIGDINITMGSGQDSKGMEQGVRQIVNDMFTEALSQNGRIAKFVNEKTRR	1030			structural	NCBI GenBank CDS product; coordinates parsed from local gbff	build_genbank_cds_annotation_input.py
Klebsiella phage PhiKpNIH-2	H1O11_gp78	NC_049845.1	47689	47784	-	hypothetical protein	YP_009903355.1	MKQILKRSILMSRPPKAGSYSRPCKRNGESG	31			unknown	NCBI GenBank CDS product; coordinates parsed from local gbff	build_genbank_cds_annotation_input.py
Klebsiella phage PhiKpNIH-2	H1O11_gp79	NC_049845.1	47863	48189	-	tail length tape measure protein	YP_009903356.1	MAKFKIQIGGNLPSFKLPVTFTCPDGKEATITMTVKHRSTDEMKDFYESEDKAPKGNAEFIRFMAEGWDLDDEFNDENISWLCSHFPAFVMALPQTYMAALAGHRAKV	108			structural	NCBI GenBank CDS product; coordinates parsed from local gbff	build_genbank_cds_annotation_input.py
Klebsiella phage PhiKpNIH-2	H1O11_gp80	NC_049845.1	48266	48922	-	major tail protein	YP_009903357.1	MHLPNGAKVFFEKTRGAEIPFTAMTNDAKNPKITVTDGKLKVKDIVIFTDCTWGDFVNKVARVKAVAAGVATLEEFDTSDTNKYPGGAATGNVSVITAWVELPCIQDLGKDGNEQQFYNYQCLSDEREQSEPTYKSAVTLNYTFAHDYNNAIYPVLRSADASKQAKAMYMYIPRASEVRYWSGIASFDDIPSTAVNEMETVTLNIALKGSHVFLPVVA	218			structural	NCBI GenBank CDS product; coordinates parsed from local gbff	build_genbank_cds_annotation_input.py
Klebsiella phage PhiKpNIH-2	H1O11_gp81	NC_049845.1	49016	49447	-	tail terminator	YP_009903358.1	MHYEMALKCKAAVAKFAADNGLRVAGDNVDFRPPAGGETYLKVSYVEADSRSVDLSRKCRVYLAMVQIDVIFKPGIGTDRARIIAQRVAKSFPEGKIVDHDSKLYVSEWAEVHGVQKHDAGWFFPVRFTVRCESVEESGYPST	143			structural	NCBI GenBank CDS product; coordinates parsed from local gbff	build_genbank_cds_annotation_input.py
NTUH-K2044_PhiSpy_pp1_NC_012731.1_2098066_2113724	KP1_RS27610	NC_012731.1	1	204	+	Cro/CI family transcriptional regulator	WP_074423532.1	MNKDDVISYFGGVSNLARLLGISHASVSGWGSVIPKGRAFEIQTITGGSLKVDPALYSKNSDTASRV	67			other	NCBI GenBank CDS product; coordinates parsed from local gbff	build_genbank_cds_annotation_input.py
NTUH-K2044_PhiSpy_pp1_NC_012731.1_2098066_2113724	KP1_RS30695	NC_012731.1	441	911	-	ECs1072 family phage-associated protein	WP_100169154.1	MAIDYAKIFISHVRNVSKANKWLTEGEALPTYRSWIRAEQLLRLDVVLIKHRERYSAPWEPLFGRNGITHLLATRYGWSPEQVRMLSFADVLLSLQQDLAEVNIPPEVLALPEYVRQSDEFEILSRGQYRTELPPCQEHEWDHTIAERDQGQRKPQ	156			other	NCBI GenBank CDS product; coordinates parsed from local gbff	build_genbank_cds_annotation_input.py
NTUH-K2044_PhiSpy_pp1_NC_012731.1_2098066_2113724	KP1_RS10165	NC_012731.1	991	1539	+	YmfL family putative regulatory protein	WP_041937776.1	MNEPEWKVDKQPAWLVAAIKKTITDLDGGYVEAAEWLGVTENALFNRLRSDGDQIFPLGWAMVLQRAGGSNHIANAIARHSNGVFVPLADIEEVDNADINQRLMESIEWIGKHSQYLRKATADGVIDQAEREQIEENSYQVMAKWQEHLTLLFRVFCQPEKSDARECAAPGVVADKSTCMEK	182			other	NCBI GenBank CDS product; coordinates parsed from local gbff	build_genbank_cds_annotation_input.py
NTUH-K2044_PhiSpy_pp1_NC_012731.1_2098066_2113724	KP1_RS27615	NC_012731.1	1712	1891	+	DUF4222 domain-containing protein	WP_023322342.1	MREVNRKFRDHYGKPVRVIRWERETNRVIYLREGYPHECFSPLDQFQRKFREVEGSHEQ	59			other	NCBI GenBank CDS product; coordinates parsed from local gbff	build_genbank_cds_annotation_input.py
NTUH-K2044_PhiSpy_pp1_NC_012731.1_2098066_2113724	KP1_RS10170	NC_012731.1	1881	2792	+	conserved phage C-terminal domain-containing protein	WP_015874655.1	MSSKLHGLVWEACAFKGLIISEIAVMARLADFSNDEGISWPAVTTIQRQIGAKSENTVRSAIKKLQAKGWLKKQERRVGGKNNSNVYKLNVDMLERAAAEAKLFYATPREQSKFDASEIEGSKFEGSNSDASNNGSASPQILRGDPSMVEGDPSLDPSLDPSSKKPFCRAPAEPDDKPDPEVVITDHAIEVLMHLNQVSGSRFQKSKTSLENIRARLREGHTVPDLKLVIDVKHEHWHGNDEQYQYMRPETLFGPKKFEGYLQSAIRWDAKARPPRECWDRSKQRDINQIGAVQTTIPKGFRG	303			other	NCBI GenBank CDS product; coordinates parsed from local gbff	build_genbank_cds_annotation_input.py
NTUH-K2044_PhiSpy_pp1_NC_012731.1_2098066_2113724	KP1_RS10175	NC_012731.1	2789	3247	+	PerC family transcriptional regulator	WP_015874656.1	MNITQMAFEFIAKNPDQKMRDIISAFPECKPVSVKSAVYRLYTEGRLETKATSCGFIYRVINDASCCDDLQDDFKSRGNLEQEKAAKKLEERSLYRRAATVWHQLSTSSCSQKTLEYYIRQKNACLRKARMGKSHTECLLAGNYCGGDLCID	152			other	NCBI GenBank CDS product; coordinates parsed from local gbff	build_genbank_cds_annotation_input.py
NTUH-K2044_PhiSpy_pp1_NC_012731.1_2098066_2113724	KP1_RS10180	NC_012731.1	3235	4617	+	phage N-6-adenine-methyltransferase	WP_015874657.1	MHRLNTTSEGEMLVDEAVLPITRSQYCDALDALRAAPAHYLKEVGDQWRTPDMLFWGVNAMYGPLVLDLFADETNAKCPAWYSAEDNALTQDWAGRLIELGGAAFGNPPYSRSQYHEKQAITGMTHIMSYASAQRENGGRYVFLVKSATSETWWPEDADHVCFIRGRIGFDLPTWFKPADDKQKPTSAFFAGAIVVFDKSWRGERFSYIDRVALEAKGRASMALAQYAVGKQATAPVMDQPQTEQAETEIPFLQDEILAKSGIRSWACVVAAFGDKAEYTFAESKFGHTWAADSVDKPEFTPVKSETIATAQSLIIKQTAKQVLVGWLNGVDFGSATAREETIERMNSVYAEFIDTCPVTEFIDIVGSLDKASWFNSRLIRSHVREALSVAKQTLPESRIWPLEVGLVFERVEGVNHLNESQQNKLKAHINQLWLERTPSTEIITIASRLVSSMQGVSHA	460			defense_counterdefense	NCBI GenBank CDS product; coordinates parsed from local gbff	build_genbank_cds_annotation_input.py
NTUH-K2044_PhiSpy_pp1_NC_012731.1_2098066_2113724	KP1_RS10185	NC_012731.1	4610	6580	+	DNA cytosine methyltransferase	WP_015874658.1	MREIIVDNFAGGGGASTGIEMAIGRSVDIAINHDENAVAMHRTNHPDTLHYCESVFDVSPGAATSGKPVGLTWFSPDCRHFSKAKGAKPVEKAIRGLAWIVLRWALDVGPRVMMLENVEEFKTWGPLLAAEMRPDPDRVGETFEAFVGMLTSGVPADHPALLECCEFLELSPDSEQAMRLITGLGYDVDYRELRACDYGAPTIRKRFFMVMRRDGQSIVWPAATHGDPKSPAVISGKLAPWRTAAECIDWSIPAPSIFDRKKSLAENTLKRIARGIQRFVIESASPFIVKCNHTTTKGKYDCFRGQALSEPLQTITKTHGYAIAVPHLTKFRSGATGQPVTEPVPTVTAGTSRRPGGNGHALGFVEAGLVPFLAGNGGSEYQAKPRPLDKPAHTILKESRACVVAPVIARQFGASVGHRVDEPSATITAGGGGKSQLVSAFLAKHYGGNYQGAGIDLGEPAHSVTTVDHHALVTAQIVGVGGRAGQSRPRDVSEPLQTMTTKADAAMVTSHLIKLRGTCRDGQTIDEPMPTITAGGQHVGEVKTTLAVADYDEERAQQVLAFLQQYCGEDSTGLVDIGGVTYRIVDIGMRMLQPHELYRAQGFPEWYIIDRDYRGVKYAKDKQVARCGNAVPPPFAEALVRANLPEMCINKQERAA	656			defense_counterdefense	NCBI GenBank CDS product; coordinates parsed from local gbff	build_genbank_cds_annotation_input.py
NTUH-K2044_PhiSpy_pp1_NC_012731.1_2098066_2113724	KP1_RS10190	NC_012731.1	6580	7053	+	SOS-response repressor and protease LexA	WP_227499400.1	MKLTIRQQEVLNLLIEYQRVHGFPPTTYELTGMLGCRSPNAAASHLKALEKKGAIKITRGVSRGISIVNFPPQRELVINLNTFVKVKLSDVALVFLERQHEENRIRYPSIFGEFEPPSKDENGFTKMTLWSLMSELGQLCYCGGEVPFELKISLEDE	157			lysogeny	NCBI GenBank CDS product; coordinates parsed from local gbff	build_genbank_cds_annotation_input.py
NTUH-K2044_PhiSpy_pp1_NC_012731.1_2098066_2113724	KP1_RS10195	NC_012731.1	7050	7448	+	RusA family crossover junction endodeoxyribonuclease	WP_015874660.1	MKFILPFPPSVNSYWRSPNKGTAKGKLLVSEAGRKFKHAVRAAIIEQLKAVPKPSASPAEVVIVLHPPDYRRRDLDNYNKALFDALTYAGIWEDDSQVKRMTIEWGGNAKGGRVEITITAFNKVLDVCSVVG	132			defense_counterdefense	NCBI GenBank CDS product; coordinates parsed from local gbff	build_genbank_cds_annotation_input.py
NTUH-K2044_PhiSpy_pp1_NC_012731.1_2098066_2113724	KP1_RS10200	NC_012731.1	7538	8359	+	KilA-N domain-containing protein	WP_050767832.1	MANHVMGYGAPKNHTHLAIEGIFVRRDSAGRFCLNDFQRAAGGEERHNPNRWLRSEMAAQLIAELTPDMAFAPVDVVRGGINPGTYACKELVYAYAMWISAAFNLKVIRTFDAVQNTMTTLTSDRIQAGVILLESASRTLNLSNSSKLGAYQKLQQAAGLPDLMPAYAIDASAGAMDGSSRPTLSLSALLKTHGIRLTANQAYHLMARAGIVDQKERQSRSGLNGVKKFWSVTAKGCLYGKNITSPANPRETQPHFFESKFPELLRLLGIVTH	273			other	NCBI GenBank CDS product; coordinates parsed from local gbff	build_genbank_cds_annotation_input.py
NTUH-K2044_PhiSpy_pp1_NC_012731.1_2098066_2113724	KP1_RS10205	NC_012731.1	8369	9427	+	DUF968 domain-containing protein	WP_041937806.1	MRGLLTPEIVPRLGVVLFKPGKELMSLFAQGRVLITPQPEYMAGFPTGKVPDARQPLSVDRSLVPFFTDPRVITAAGGIEGLERWLSLSVRQCQNHDEGYHHIETVILRQDPGSVLLCWHCDNKLRDEPDPAIKEIASRNVIDWVIDMVLLSLGCTRERTLSLAELCWWAVQSGISDAITEAMAEKALRIAPEPHRSVYRDSDIIPAIPAADILKRRLDKRESHAITGGLVTGDQDAGRPILRLGVDPDCPEAFMLRPKRRRWICPQYTQWVKTQECACCRQPADDPHHIIGHGMGGTATKAHDLFVIPLCRAHHDELHANLIAFEEKYGSQLELLIRFLDRALGIGVIFKE	352			other	NCBI GenBank CDS product; coordinates parsed from local gbff	build_genbank_cds_annotation_input.py
NTUH-K2044_PhiSpy_pp1_NC_012731.1_2098066_2113724	KP1_RS10210	NC_012731.1	9446	10276	+	antitermination protein	WP_015874663.1	MNIESIPKFFAPKGMHISDSGRATASEQLTVTDVMAALGMTQAEAGSGLSMFLGKAGISENDRMASIHWLAEYAKKNAPRSVRKAAGKKFPLCMLIIARFAYHDYASSAADTTDCTKCAGKGFVKKVKMVEKSHYTMRLPQWAKDLRQSPSDFEVKRQVQEVDHVLCVKCHGTGKISKRCQCSGTGKTLDRKESELQGVPVYKTCKRCEGRGFSRPKSSNAYRGILSELPGLPERTWRYSWKPFYESLVTKCFMEESFTDAQLRRVTKTTNLINFA	276			other	NCBI GenBank CDS product; coordinates parsed from local gbff	build_genbank_cds_annotation_input.py
NTUH-K2044_PhiSpy_pp1_NC_012731.1_2098066_2113724	KP1_RS10215	NC_012731.1	10480	11277	-	DUF3800 domain-containing protein	WP_008806053.1	MADMDNPGKLIWHVSCDESGTGGQRFYGFGSLWMKYQRRGDFVQMIRELREKHNCTDELKWQKAHSKQNAAFYDDVIEAFFKHQWLAFHCIIIQKAHVNKEFHDGDYDLAMRKHFTELLTKKIIRVIRKFPHRECEFRIDVDPIASRYDKADEAFHKIANNIIKNATGKEEAIKTVITKDSKESAQIQICDFLLGAVMSAYQDKASNPRKIAVANKIASYLGWDGFHYDTWGTERKFNIWYFYDPTKGPRELQTRKVTLKYPLPE	265			other	NCBI GenBank CDS product; coordinates parsed from local gbff	build_genbank_cds_annotation_input.py
NTUH-K2044_PhiSpy_pp1_NC_012731.1_2098066_2113724	KP1_RS27620	NC_012731.1	11560	12405	+	TAXI family TRAP transporter solute-binding subunit	WP_226341380.1	MKKLIMTAIVVASLCLSNAASAAEVVITTGQQGLTYNAVYGVNLASALSEYGYSSTVIPSKGSLDNLDKVASGTAQIGFTQADAFQFWRSRHSNEAQKVDIIGELADECVFVAVKKGGKISDEGDLKAGVKIAVGEPTSGSYASWQYLQGLEKDYAKVETYAKGGVRSLAKVTTGEYDAFLWVSAPDRSNKFLEAVNQEGSGMMMIDMNGWHVDDKLPNGKPVYELKKAVTEAGWLSDSKVKIPCTKTLVVANTDAGDEVLETASTVLLKNLSRVLGTNGK	281			other	NCBI GenBank CDS product; coordinates parsed from local gbff	build_genbank_cds_annotation_input.py
NTUH-K2044_PhiSpy_pp1_NC_012731.1_2098066_2113724	KP1_RS30220	NC_012731.1	12408	12560	+	hypothetical protein	WP_173029796.1	MLRRLCFWALFAVLLFVAWQLAGVLMDMVTLVVILAALAACRYWPFKSKS	50			unknown	NCBI GenBank CDS product; coordinates parsed from local gbff	build_genbank_cds_annotation_input.py
NTUH-K2044_PhiSpy_pp1_NC_012731.1_2098066_2113724	KP1_RS10230	NC_012731.1	12912	13301	+	phage holin family protein	WP_015874666.1	MSDPVSGTSVAAGGLMGASMFGLATGIDYGVVFGAFAGSVFYVATAANISRGKLVAYFMTSFIVGVLGAGLVGSKLSSWTGYSDRPLDALGAVLISSLIIKVLTFLNSQDLNSLFNMLTRFRGGGSNGK	129			lysis	NCBI GenBank CDS product; coordinates parsed from local gbff	build_genbank_cds_annotation_input.py
NTUH-K2044_PhiSpy_pp1_NC_012731.1_2098066_2113724	KP1_RS10235	NC_012731.1	13291	13569	+	phage holin family protein	WP_015874667.1	MVNDPSALVNALTCTVIVLALMFYQRGGSRHRPGISFLAYLMVLVYASIPFRFLFGLYESSHWLVVLANILICAAVLWARGNVARLVDTLRH	92			lysis	NCBI GenBank CDS product; coordinates parsed from local gbff	build_genbank_cds_annotation_input.py
NTUH-K2044_PhiSpy_pp1_NC_012731.1_2098066_2113724	KP1_RS10240	NC_012731.1	13569	14195	+	glycoside hydrolase family 19 protein	WP_015874668.1	MNQSQFQKAVGISAGLAARWYPHITAAMKEFGITAPLDQAMFIAQCGHESLGFNRVVENFNYSIAGLADFVRYGRLTQNQANSLGRRQGEPSLPLERQRAIANLVYSKRMGNNGPTDGWFYRGRGLIQTTGLNNYRDCGNALKIDLVKQPELLAQDEYAARSAAWFYTSRGCLRYPGDLARVTQIINGGQNGIDDRRARFLKAKSVLV	208			other	NCBI GenBank CDS product; coordinates parsed from local gbff	build_genbank_cds_annotation_input.py
NTUH-K2044_PhiSpy_pp1_NC_012731.1_2098066_2113724	KP1_RS10245	NC_012731.1	14198	14473	+	hypothetical protein	WP_041937777.1	MGIEAIAGLVVVILGVIAGAFGVGHARGTSKAESKAKQQRTEENAAATVAAAERRAEVTKGASDVQQTVSHMPDDDVDRELREKFTRPGSR	91			unknown	NCBI GenBank CDS product; coordinates parsed from local gbff	build_genbank_cds_annotation_input.py
NTUH-K2044_PhiSpy_pp1_NC_012731.1_2098066_2113724	KP1_RS30375	NC_012731.1	14424	14615	+	hypothetical protein	WP_041937778.1	MLIGSCAKSLPAPVVVDTACNWVRIIYLTDHDIDVLDQQTKRDILAHDKAVQANCRKELSSER	63			unknown	NCBI GenBank CDS product; coordinates parsed from local gbff	build_genbank_cds_annotation_input.py
NTUH-K2044_PhiSpy_pp1_NC_012731.1_2098066_2113724	KP1_RS10255	NC_012731.1	14605	14835	+	hypothetical protein	WP_015874670.1	MNVENLSNAHYIYNEMKELQRQKGILESGAGLGVTIQSTYQDNTFLEAIRPHAVAEIDRRIEEKKAVLVNFGVSIS	76			unknown	NCBI GenBank CDS product; coordinates parsed from local gbff	build_genbank_cds_annotation_input.py
NTUH-K2044_PhiSpy_pp1_NC_012731.1_2098066_2113724	KP1_RS10260	NC_012731.1	14877	15416	-	YfbU family protein	WP_015874671.1	MDIKDKINTILLCDIAIHLGIETDIDPQLVKYAVSSGNDWVLKAEYSSLDACEPSKEDRDFVTAVLSMYRGISKAFRNLSDDEKKELVRDHHLKIHDGVIQLPGFDGNNECDYFSIIEAYQKFDRFPEQQQPIANTHSRTEHLYNAMLDELKKIDAVNRNWDLSKEELASILSTAPRSF	179			other	NCBI GenBank CDS product; coordinates parsed from local gbff	build_genbank_cds_annotation_input.py
NTUH-K2044_PhiSpy_pp1_NC_012731.1_2098066_2113724	KP1_RS30700	NC_012731.1	15576	15659	+	Acb2/Tad1 domain-containing protein						other	NCBI GenBank CDS product; coordinates parsed from local gbff	build_genbank_cds_annotation_input.py
