hypothesis	split_strategy	fold	model_name	test_rows	direct_support_rows	intermediate_fallback_rows	global_fallback_rows	global_model_rows	missing_similarity_rows	median_training_support_rows	mean_training_support_rows	min_training_support_rows	max_training_support_rows	notes
H1_spot_interaction_receptor_layer	cold_phage	1	global_prevalence	1648	0	0	0	1648	0	8358.000	8358.000	8358	8358	Global prevalence is the intended model, not an accidental fallback.
H1_spot_interaction_receptor_layer	cold_phage	1	phage_marginal_rate	1648	0	0	1648	0	0	0.000	0.000	0	0	Direct support means exact training feature key was observed; global fallback means the test feature key was unseen in training.
H1_spot_interaction_receptor_layer	cold_phage	1	host_marginal_rate	1648	1648	0	0	0	0	39.000	42.725	39	48	Direct support means exact training feature key was observed; global fallback means the test feature key was unseen in training.
H1_spot_interaction_receptor_layer	cold_phage	1	taxonomy_cluster_rate	1648	200	0	1448	0	0	0.000	13.888	0	138	Direct support means exact training feature key was observed; global fallback means the test feature key was unseen in training.
H1_spot_interaction_receptor_layer	cold_phage	1	host_K_type_rate	1648	1648	0	0	0	0	135.000	138.284	39	321	Direct support means exact training feature key was observed; global fallback means the test feature key was unseen in training.
H1_spot_interaction_receptor_layer	cold_phage	1	host_KO_rate	1648	1648	0	0	0	0	87.000	104.254	39	282	Direct support means exact training feature key was observed; global fallback means the test feature key was unseen in training.
H1_spot_interaction_receptor_layer	cold_phage	1	rbpbase_plus_host_KO_rate	1648	1648	0	0	0	0	68.000	77.851	3	241	Direct support means exact training feature key was observed; global fallback means the test feature key was unseen in training.
H1_spot_interaction_receptor_layer	cold_phage	1	rbpbase_boundary_reviewed_plus_host_KO_rate	1648	1648	0	0	0	0	70.000	78.244	2	245	Direct support means exact training feature key was observed; global fallback means the test feature key was unseen in training.
H1_spot_interaction_receptor_layer	cold_phage	1	pharokka_plus_host_KO_rate	1648	1648	0	0	0	0	26.000	38.093	3	164	Direct support means exact training feature key was observed; global fallback means the test feature key was unseen in training.
H1_spot_interaction_receptor_layer	cold_phage	1	phold_plus_host_KO_rate	1648	1648	0	0	0	0	25.000	35.294	2	151	Direct support means exact training feature key was observed; global fallback means the test feature key was unseen in training.
H1_spot_interaction_receptor_layer	cold_phage	1	phold_new_plus_host_KO_rate	1648	1648	0	0	0	0	70.000	89.913	3	251	Direct support means exact training feature key was observed; global fallback means the test feature key was unseen in training.
H1_spot_interaction_receptor_layer	cold_phage	1	pharokka_phold_plus_host_KO_rate	1648	1648	0	0	0	0	25.000	35.294	2	151	Direct support means exact training feature key was observed; global fallback means the test feature key was unseen in training.
H1_spot_interaction_receptor_layer	cold_phage	1	receptor_signature_rate	1648	1648	0	0	0	0	1690.000	2180.218	124	3972	Direct support means exact training feature key was observed; global fallback means the test feature key was unseen in training.
H1_spot_interaction_receptor_layer	cold_phage	1	receptor_plus_host_KO_rate	1648	1648	0	0	0	0	23.000	28.085	2	132	Direct support means exact training feature key was observed; global fallback means the test feature key was unseen in training.
H1_spot_interaction_receptor_layer	cold_phage	1	receptor_boundary_reviewed_plus_host_KO_rate	1648	1648	0	0	0	0	22.000	27.888	2	136	Direct support means exact training feature key was observed; global fallback means the test feature key was unseen in training.
H1_spot_interaction_receptor_layer	cold_phage	1	genome_similarity_nearest_phage_rate	1648	1648	0	0	0	0	538.000	530.437	310	690	Direct support means nearest-phage rate or nearest-phage+host-K/O support; intermediate fallback means host-K/O support was absent but nearest-phage marginal support was available.
H1_spot_interaction_receptor_layer	cold_phage	1	genome_similarity_nearest_phage_host_KO_rate	1648	1648	0	0	0	0	5.000	8.450	1	35	Direct support means nearest-phage rate or nearest-phage+host-K/O support; intermediate fallback means host-K/O support was absent but nearest-phage marginal support was available.
H1_spot_interaction_receptor_layer	cold_phage	1	combined_receptor_host_taxonomy_rate	1648	62	0	1586	0	0	0.000	0.040	0	2	Direct support means exact training feature key was observed; global fallback means the test feature key was unseen in training.
H1_spot_interaction_receptor_layer	cold_phage	1	combined_receptor_boundary_reviewed_host_taxonomy_rate	1648	62	0	1586	0	0	0.000	0.040	0	2	Direct support means exact training feature key was observed; global fallback means the test feature key was unseen in training.
H1_spot_interaction_receptor_layer	cold_phage	2	global_prevalence	1710	0	0	0	1710	0	8296.000	8296.000	8296	8296	Global prevalence is the intended model, not an accidental fallback.
H1_spot_interaction_receptor_layer	cold_phage	2	phage_marginal_rate	1710	0	0	1710	0	0	0.000	0.000	0	0	Direct support means exact training feature key was observed; global fallback means the test feature key was unseen in training.
H1_spot_interaction_receptor_layer	cold_phage	2	host_marginal_rate	1710	1710	0	0	0	0	39.000	42.481	39	47	Direct support means exact training feature key was observed; global fallback means the test feature key was unseen in training.
H1_spot_interaction_receptor_layer	cold_phage	2	taxonomy_cluster_rate	1710	400	0	1310	0	0	0.000	37.906	0	276	Direct support means exact training feature key was observed; global fallback means the test feature key was unseen in training.
H1_spot_interaction_receptor_layer	cold_phage	2	host_K_type_rate	1710	1710	0	0	0	0	133.000	136.316	39	320	Direct support means exact training feature key was observed; global fallback means the test feature key was unseen in training.
H1_spot_interaction_receptor_layer	cold_phage	2	host_KO_rate	1710	1710	0	0	0	0	78.000	102.649	39	281	Direct support means exact training feature key was observed; global fallback means the test feature key was unseen in training.
H1_spot_interaction_receptor_layer	cold_phage	2	rbpbase_plus_host_KO_rate	1710	1710	0	0	0	0	68.000	73.898	3	242	Direct support means exact training feature key was observed; global fallback means the test feature key was unseen in training.
H1_spot_interaction_receptor_layer	cold_phage	2	rbpbase_boundary_reviewed_plus_host_KO_rate	1710	1710	0	0	0	0	68.000	79.498	9	241	Direct support means exact training feature key was observed; global fallback means the test feature key was unseen in training.
H1_spot_interaction_receptor_layer	cold_phage	2	pharokka_plus_host_KO_rate	1710	1710	0	0	0	0	25.000	42.442	3	151	Direct support means exact training feature key was observed; global fallback means the test feature key was unseen in training.
H1_spot_interaction_receptor_layer	cold_phage	2	phold_plus_host_KO_rate	1710	1710	0	0	0	0	24.000	38.558	2	138	Direct support means exact training feature key was observed; global fallback means the test feature key was unseen in training.
H1_spot_interaction_receptor_layer	cold_phage	2	phold_new_plus_host_KO_rate	1710	1710	0	0	0	0	70.000	86.818	3	251	Direct support means exact training feature key was observed; global fallback means the test feature key was unseen in training.
H1_spot_interaction_receptor_layer	cold_phage	2	pharokka_phold_plus_host_KO_rate	1710	1710	0	0	0	0	24.000	38.558	2	138	Direct support means exact training feature key was observed; global fallback means the test feature key was unseen in training.
H1_spot_interaction_receptor_layer	cold_phage	2	receptor_signature_rate	1710	1710	0	0	0	0	3634.000	2421.888	124	3634	Direct support means exact training feature key was observed; global fallback means the test feature key was unseen in training.
H1_spot_interaction_receptor_layer	cold_phage	2	receptor_plus_host_KO_rate	1710	1710	0	0	0	0	23.000	30.698	2	119	Direct support means exact training feature key was observed; global fallback means the test feature key was unseen in training.
H1_spot_interaction_receptor_layer	cold_phage	2	receptor_boundary_reviewed_plus_host_KO_rate	1710	1710	0	0	0	0	22.000	32.561	1	118	Direct support means exact training feature key was observed; global fallback means the test feature key was unseen in training.
H1_spot_interaction_receptor_layer	cold_phage	2	genome_similarity_nearest_phage_rate	1710	1710	0	0	0	0	462.000	437.212	124	690	Direct support means nearest-phage rate or nearest-phage+host-K/O support; intermediate fallback means host-K/O support was absent but nearest-phage marginal support was available.
H1_spot_interaction_receptor_layer	cold_phage	2	genome_similarity_nearest_phage_host_KO_rate	1710	1514	196	0	0	0	5.000	6.077	0	35	Direct support means nearest-phage rate or nearest-phage+host-K/O support; intermediate fallback means host-K/O support was absent but nearest-phage marginal support was available.
H1_spot_interaction_receptor_layer	cold_phage	2	combined_receptor_host_taxonomy_rate	1710	262	0	1448	0	0	0.000	0.526	0	14	Direct support means exact training feature key was observed; global fallback means the test feature key was unseen in training.
H1_spot_interaction_receptor_layer	cold_phage	2	combined_receptor_boundary_reviewed_host_taxonomy_rate	1710	200	0	1510	0	0	0.000	0.488	0	14	Direct support means exact training feature key was observed; global fallback means the test feature key was unseen in training.
H1_spot_interaction_receptor_layer	cold_phage	3	global_prevalence	2462	0	0	0	2462	0	7544.000	7544.000	7544	7544	Global prevalence is the intended model, not an accidental fallback.
H1_spot_interaction_receptor_layer	cold_phage	3	phage_marginal_rate	2462	0	0	2462	0	0	0.000	0.000	0	0	Direct support means exact training feature key was observed; global fallback means the test feature key was unseen in training.
H1_spot_interaction_receptor_layer	cold_phage	3	host_marginal_rate	2462	2462	0	0	0	0	34.000	37.929	34	46	Direct support means exact training feature key was observed; global fallback means the test feature key was unseen in training.
H1_spot_interaction_receptor_layer	cold_phage	3	taxonomy_cluster_rate	2462	386	0	2076	0	0	0.000	11.282	0	124	Direct support means exact training feature key was observed; global fallback means the test feature key was unseen in training.
H1_spot_interaction_receptor_layer	cold_phage	3	host_K_type_rate	2462	2462	0	0	0	0	136.000	127.810	34	284	Direct support means exact training feature key was observed; global fallback means the test feature key was unseen in training.
H1_spot_interaction_receptor_layer	cold_phage	3	host_KO_rate	2462	2462	0	0	0	0	80.000	96.624	34	250	Direct support means exact training feature key was observed; global fallback means the test feature key was unseen in training.
H1_spot_interaction_receptor_layer	cold_phage	3	rbpbase_plus_host_KO_rate	2462	2420	0	42	0	0	58.000	72.458	0	211	Direct support means exact training feature key was observed; global fallback means the test feature key was unseen in training.
H1_spot_interaction_receptor_layer	cold_phage	3	rbpbase_boundary_reviewed_plus_host_KO_rate	2462	2420	0	42	0	0	60.000	72.751	0	216	Direct support means exact training feature key was observed; global fallback means the test feature key was unseen in training.
H1_spot_interaction_receptor_layer	cold_phage	3	pharokka_plus_host_KO_rate	2462	2462	0	0	0	0	26.000	35.912	1	146	Direct support means exact training feature key was observed; global fallback means the test feature key was unseen in training.
H1_spot_interaction_receptor_layer	cold_phage	3	phold_plus_host_KO_rate	2462	2026	0	436	0	0	18.000	27.205	0	146	Direct support means exact training feature key was observed; global fallback means the test feature key was unseen in training.
H1_spot_interaction_receptor_layer	cold_phage	3	phold_new_plus_host_KO_rate	2462	2266	0	196	0	0	66.000	70.940	0	238	Direct support means exact training feature key was observed; global fallback means the test feature key was unseen in training.
H1_spot_interaction_receptor_layer	cold_phage	3	pharokka_phold_plus_host_KO_rate	2462	2026	0	436	0	0	18.000	27.205	0	146	Direct support means exact training feature key was observed; global fallback means the test feature key was unseen in training.
H1_spot_interaction_receptor_layer	cold_phage	3	receptor_signature_rate	2462	1986	0	476	0	0	1366.000	1740.616	0	3820	Direct support means exact training feature key was observed; global fallback means the test feature key was unseen in training.
H1_spot_interaction_receptor_layer	cold_phage	3	receptor_plus_host_KO_rate	2462	1944	0	518	0	0	16.000	22.894	0	122	Direct support means exact training feature key was observed; global fallback means the test feature key was unseen in training.
H1_spot_interaction_receptor_layer	cold_phage	3	receptor_boundary_reviewed_plus_host_KO_rate	2462	1944	0	518	0	0	11.000	22.460	0	127	Direct support means exact training feature key was observed; global fallback means the test feature key was unseen in training.
H1_spot_interaction_receptor_layer	cold_phage	3	genome_similarity_nearest_phage_rate	2462	2462	0	0	0	0	538.000	487.311	138	690	Direct support means nearest-phage rate or nearest-phage+host-K/O support; intermediate fallback means host-K/O support was absent but nearest-phage marginal support was available.
H1_spot_interaction_receptor_layer	cold_phage	3	genome_similarity_nearest_phage_host_KO_rate	2462	2462	0	0	0	0	5.000	7.562	1	35	Direct support means nearest-phage rate or nearest-phage+host-K/O support; intermediate fallback means host-K/O support was absent but nearest-phage marginal support was available.
H1_spot_interaction_receptor_layer	cold_phage	3	combined_receptor_host_taxonomy_rate	2462	288	0	2174	0	0	0.000	0.124	0	2	Direct support means exact training feature key was observed; global fallback means the test feature key was unseen in training.
H1_spot_interaction_receptor_layer	cold_phage	3	combined_receptor_boundary_reviewed_host_taxonomy_rate	2462	226	0	2236	0	0	0.000	0.097	0	2	Direct support means exact training feature key was observed; global fallback means the test feature key was unseen in training.
H1_spot_interaction_receptor_layer	cold_phage	4	global_prevalence	1710	0	0	0	1710	0	8296.000	8296.000	8296	8296	Global prevalence is the intended model, not an accidental fallback.
H1_spot_interaction_receptor_layer	cold_phage	4	phage_marginal_rate	1710	0	0	1710	0	0	0.000	0.000	0	0	Direct support means exact training feature key was observed; global fallback means the test feature key was unseen in training.
H1_spot_interaction_receptor_layer	cold_phage	4	host_marginal_rate	1710	1710	0	0	0	0	39.000	42.481	39	47	Direct support means exact training feature key was observed; global fallback means the test feature key was unseen in training.
H1_spot_interaction_receptor_layer	cold_phage	4	taxonomy_cluster_rate	1710	262	0	1448	0	0	0.000	31.773	0	276	Direct support means exact training feature key was observed; global fallback means the test feature key was unseen in training.
H1_spot_interaction_receptor_layer	cold_phage	4	host_K_type_rate	1710	1710	0	0	0	0	133.000	136.316	39	320	Direct support means exact training feature key was observed; global fallback means the test feature key was unseen in training.
H1_spot_interaction_receptor_layer	cold_phage	4	host_KO_rate	1710	1710	0	0	0	0	78.000	102.649	39	281	Direct support means exact training feature key was observed; global fallback means the test feature key was unseen in training.
H1_spot_interaction_receptor_layer	cold_phage	4	rbpbase_plus_host_KO_rate	1710	1710	0	0	0	0	66.000	76.635	6	238	Direct support means exact training feature key was observed; global fallback means the test feature key was unseen in training.
H1_spot_interaction_receptor_layer	cold_phage	4	rbpbase_boundary_reviewed_plus_host_KO_rate	1710	1710	0	0	0	0	68.000	77.881	8	242	Direct support means exact training feature key was observed; global fallback means the test feature key was unseen in training.
H1_spot_interaction_receptor_layer	cold_phage	4	pharokka_plus_host_KO_rate	1710	1710	0	0	0	0	28.000	40.172	3	154	Direct support means exact training feature key was observed; global fallback means the test feature key was unseen in training.
H1_spot_interaction_receptor_layer	cold_phage	4	phold_plus_host_KO_rate	1710	1710	0	0	0	0	27.000	36.614	2	141	Direct support means exact training feature key was observed; global fallback means the test feature key was unseen in training.
H1_spot_interaction_receptor_layer	cold_phage	4	phold_new_plus_host_KO_rate	1710	1710	0	0	0	0	70.000	84.982	2	252	Direct support means exact training feature key was observed; global fallback means the test feature key was unseen in training.
H1_spot_interaction_receptor_layer	cold_phage	4	pharokka_phold_plus_host_KO_rate	1710	1710	0	0	0	0	27.000	36.614	2	141	Direct support means exact training feature key was observed; global fallback means the test feature key was unseen in training.
H1_spot_interaction_receptor_layer	cold_phage	4	receptor_signature_rate	1710	1710	0	0	0	0	3682.000	2420.122	62	3682	Direct support means exact training feature key was observed; global fallback means the test feature key was unseen in training.
H1_spot_interaction_receptor_layer	cold_phage	4	receptor_plus_host_KO_rate	1710	1710	0	0	0	0	26.000	30.505	1	116	Direct support means exact training feature key was observed; global fallback means the test feature key was unseen in training.
H1_spot_interaction_receptor_layer	cold_phage	4	receptor_boundary_reviewed_plus_host_KO_rate	1710	1710	0	0	0	0	24.000	31.172	1	120	Direct support means exact training feature key was observed; global fallback means the test feature key was unseen in training.
H1_spot_interaction_receptor_layer	cold_phage	4	genome_similarity_nearest_phage_rate	1710	1710	0	0	0	0	538.000	533.860	310	690	Direct support means nearest-phage rate or nearest-phage+host-K/O support; intermediate fallback means host-K/O support was absent but nearest-phage marginal support was available.
H1_spot_interaction_receptor_layer	cold_phage	4	genome_similarity_nearest_phage_host_KO_rate	1710	1668	42	0	0	0	5.000	7.947	0	35	Direct support means nearest-phage rate or nearest-phage+host-K/O support; intermediate fallback means host-K/O support was absent but nearest-phage marginal support was available.
H1_spot_interaction_receptor_layer	cold_phage	4	combined_receptor_host_taxonomy_rate	1710	262	0	1448	0	0	0.000	0.551	0	14	Direct support means exact training feature key was observed; global fallback means the test feature key was unseen in training.
H1_spot_interaction_receptor_layer	cold_phage	4	combined_receptor_boundary_reviewed_host_taxonomy_rate	1710	262	0	1448	0	0	0.000	0.551	0	14	Direct support means exact training feature key was observed; global fallback means the test feature key was unseen in training.
H1_spot_interaction_receptor_layer	cold_phage	5	global_prevalence	2476	0	0	0	2476	0	7530.000	7530.000	7530	7530	Global prevalence is the intended model, not an accidental fallback.
H1_spot_interaction_receptor_layer	cold_phage	5	phage_marginal_rate	2476	0	0	2476	0	0	0.000	0.000	0	0	Direct support means exact training feature key was observed; global fallback means the test feature key was unseen in training.
H1_spot_interaction_receptor_layer	cold_phage	5	host_marginal_rate	2476	2476	0	0	0	0	33.000	37.132	33	48	Direct support means exact training feature key was observed; global fallback means the test feature key was unseen in training.
H1_spot_interaction_receptor_layer	cold_phage	5	taxonomy_cluster_rate	2476	262	0	2214	0	0	0.000	18.488	0	276	Direct support means exact training feature key was observed; global fallback means the test feature key was unseen in training.
H1_spot_interaction_receptor_layer	cold_phage	5	host_K_type_rate	2476	2476	0	0	0	0	132.000	128.806	33	279	Direct support means exact training feature key was observed; global fallback means the test feature key was unseen in training.
H1_spot_interaction_receptor_layer	cold_phage	5	host_KO_rate	2476	2476	0	0	0	0	81.000	97.350	33	246	Direct support means exact training feature key was observed; global fallback means the test feature key was unseen in training.
H1_spot_interaction_receptor_layer	cold_phage	5	rbpbase_plus_host_KO_rate	2476	2476	0	0	0	0	60.000	69.783	1	216	Direct support means exact training feature key was observed; global fallback means the test feature key was unseen in training.
H1_spot_interaction_receptor_layer	cold_phage	5	rbpbase_boundary_reviewed_plus_host_KO_rate	2476	2476	0	0	0	0	62.000	70.318	1	220	Direct support means exact training feature key was observed; global fallback means the test feature key was unseen in training.
H1_spot_interaction_receptor_layer	cold_phage	5	pharokka_plus_host_KO_rate	2476	2476	0	0	0	0	26.000	39.548	2	137	Direct support means exact training feature key was observed; global fallback means the test feature key was unseen in training.
H1_spot_interaction_receptor_layer	cold_phage	5	phold_plus_host_KO_rate	2476	2476	0	0	0	0	26.000	36.279	1	124	Direct support means exact training feature key was observed; global fallback means the test feature key was unseen in training.
H1_spot_interaction_receptor_layer	cold_phage	5	phold_new_plus_host_KO_rate	2476	2476	0	0	0	0	70.000	81.523	1	220	Direct support means exact training feature key was observed; global fallback means the test feature key was unseen in training.
H1_spot_interaction_receptor_layer	cold_phage	5	pharokka_phold_plus_host_KO_rate	2476	2476	0	0	0	0	26.000	36.279	1	124	Direct support means exact training feature key was observed; global fallback means the test feature key was unseen in training.
H1_spot_interaction_receptor_layer	cold_phage	5	receptor_signature_rate	2476	2476	0	0	0	0	3372.000	2187.984	338	3372	Direct support means exact training feature key was observed; global fallback means the test feature key was unseen in training.
H1_spot_interaction_receptor_layer	cold_phage	5	receptor_plus_host_KO_rate	2476	2476	0	0	0	0	21.000	28.529	1	111	Direct support means exact training feature key was observed; global fallback means the test feature key was unseen in training.
H1_spot_interaction_receptor_layer	cold_phage	5	receptor_boundary_reviewed_plus_host_KO_rate	2476	2476	0	0	0	0	19.000	28.498	1	115	Direct support means exact training feature key was observed; global fallback means the test feature key was unseen in training.
H1_spot_interaction_receptor_layer	cold_phage	5	genome_similarity_nearest_phage_rate	2476	2476	0	0	0	0	538.000	529.344	310	690	Direct support means nearest-phage rate or nearest-phage+host-K/O support; intermediate fallback means host-K/O support was absent but nearest-phage marginal support was available.
H1_spot_interaction_receptor_layer	cold_phage	5	genome_similarity_nearest_phage_host_KO_rate	2476	2476	0	0	0	0	6.000	7.999	1	35	Direct support means nearest-phage rate or nearest-phage+host-K/O support; intermediate fallback means host-K/O support was absent but nearest-phage marginal support was available.
H1_spot_interaction_receptor_layer	cold_phage	5	combined_receptor_host_taxonomy_rate	2476	200	0	2276	0	0	0.000	0.337	0	14	Direct support means exact training feature key was observed; global fallback means the test feature key was unseen in training.
H1_spot_interaction_receptor_layer	cold_phage	5	combined_receptor_boundary_reviewed_host_taxonomy_rate	2476	200	0	2276	0	0	0.000	0.337	0	14	Direct support means exact training feature key was observed; global fallback means the test feature key was unseen in training.
H1_spot_interaction_receptor_layer	cold_host	1	global_prevalence	1326	0	0	0	1326	0	8680.000	8680.000	8680	8680	Global prevalence is the intended model, not an accidental fallback.
H1_spot_interaction_receptor_layer	cold_host	1	phage_marginal_rate	1326	1326	0	0	0	0	122.000	90.854	52	122	Direct support means exact training feature key was observed; global fallback means the test feature key was unseen in training.
H1_spot_interaction_receptor_layer	cold_host	1	host_marginal_rate	1326	0	0	1326	0	0	0.000	0.000	0	0	Direct support means exact training feature key was observed; global fallback means the test feature key was unseen in training.
H1_spot_interaction_receptor_layer	cold_host	1	taxonomy_cluster_rate	1326	1326	0	0	0	0	122.000	114.160	52	366	Direct support means exact training feature key was observed; global fallback means the test feature key was unseen in training.
H1_spot_interaction_receptor_layer	cold_host	1	host_K_type_rate	1326	847	0	479	0	0	151.000	108.259	0	335	Direct support means exact training feature key was observed; global fallback means the test feature key was unseen in training.
H1_spot_interaction_receptor_layer	cold_host	1	host_KO_rate	1326	624	0	702	0	0	0.000	63.311	0	276	Direct support means exact training feature key was observed; global fallback means the test feature key was unseen in training.
H1_spot_interaction_receptor_layer	cold_host	1	rbpbase_plus_host_KO_rate	1326	624	0	702	0	0	0.000	46.786	0	240	Direct support means exact training feature key was observed; global fallback means the test feature key was unseen in training.
H1_spot_interaction_receptor_layer	cold_host	1	rbpbase_boundary_reviewed_plus_host_KO_rate	1326	624	0	702	0	0	0.000	47.756	0	246	Direct support means exact training feature key was observed; global fallback means the test feature key was unseen in training.
H1_spot_interaction_receptor_layer	cold_host	1	pharokka_plus_host_KO_rate	1326	624	0	702	0	0	0.000	24.934	0	156	Direct support means exact training feature key was observed; global fallback means the test feature key was unseen in training.
H1_spot_interaction_receptor_layer	cold_host	1	phold_plus_host_KO_rate	1326	618	0	708	0	0	0.000	22.121	0	144	Direct support means exact training feature key was observed; global fallback means the test feature key was unseen in training.
H1_spot_interaction_receptor_layer	cold_host	1	phold_new_plus_host_KO_rate	1326	624	0	702	0	0	0.000	51.893	0	252	Direct support means exact training feature key was observed; global fallback means the test feature key was unseen in training.
H1_spot_interaction_receptor_layer	cold_host	1	pharokka_phold_plus_host_KO_rate	1326	618	0	708	0	0	0.000	22.121	0	144	Direct support means exact training feature key was observed; global fallback means the test feature key was unseen in training.
H1_spot_interaction_receptor_layer	cold_host	1	receptor_signature_rate	1326	1326	0	0	0	0	1846.000	2406.495	122	4000	Direct support means exact training feature key was observed; global fallback means the test feature key was unseen in training.
H1_spot_interaction_receptor_layer	cold_host	1	receptor_plus_host_KO_rate	1326	604	0	722	0	0	0.000	17.551	0	120	Direct support means exact training feature key was observed; global fallback means the test feature key was unseen in training.
H1_spot_interaction_receptor_layer	cold_host	1	receptor_boundary_reviewed_plus_host_KO_rate	1326	600	0	726	0	0	0.000	18.014	0	126	Direct support means exact training feature key was observed; global fallback means the test feature key was unseen in training.
H1_spot_interaction_receptor_layer	cold_host	1	genome_similarity_nearest_phage_rate	1326	1326	0	0	0	0	470.000	442.136	226	610	Direct support means nearest-phage rate or nearest-phage+host-K/O support; intermediate fallback means host-K/O support was absent but nearest-phage marginal support was available.
H1_spot_interaction_receptor_layer	cold_host	1	genome_similarity_nearest_phage_host_KO_rate	1326	586	740	0	0	0	0.000	3.643	0	30	Direct support means nearest-phage rate or nearest-phage+host-K/O support; intermediate fallback means host-K/O support was absent but nearest-phage marginal support was available.
H1_spot_interaction_receptor_layer	cold_host	1	combined_receptor_host_taxonomy_rate	1326	510	0	816	0	0	0.000	0.956	0	18	Direct support means exact training feature key was observed; global fallback means the test feature key was unseen in training.
H1_spot_interaction_receptor_layer	cold_host	1	combined_receptor_boundary_reviewed_host_taxonomy_rate	1326	510	0	816	0	0	0.000	0.956	0	18	Direct support means exact training feature key was observed; global fallback means the test feature key was unseen in training.
H1_spot_interaction_receptor_layer	cold_host	2	global_prevalence	1398	0	0	0	1398	0	8608.000	8608.000	8608	8608	Global prevalence is the intended model, not an accidental fallback.
H1_spot_interaction_receptor_layer	cold_host	2	phage_marginal_rate	1398	1398	0	0	0	0	50.000	86.030	50	123	Direct support means exact training feature key was observed; global fallback means the test feature key was unseen in training.
H1_spot_interaction_receptor_layer	cold_host	2	host_marginal_rate	1398	0	0	1398	0	0	0.000	0.000	0	0	Direct support means exact training feature key was observed; global fallback means the test feature key was unseen in training.
H1_spot_interaction_receptor_layer	cold_host	2	taxonomy_cluster_rate	1398	1398	0	0	0	0	123.000	108.421	50	369	Direct support means exact training feature key was observed; global fallback means the test feature key was unseen in training.
H1_spot_interaction_receptor_layer	cold_host	2	host_K_type_rate	1398	926	0	472	0	0	92.000	95.378	0	289	Direct support means exact training feature key was observed; global fallback means the test feature key was unseen in training.
H1_spot_interaction_receptor_layer	cold_host	2	host_KO_rate	1398	762	0	636	0	0	46.000	68.276	0	230	Direct support means exact training feature key was observed; global fallback means the test feature key was unseen in training.
H1_spot_interaction_receptor_layer	cold_host	2	rbpbase_plus_host_KO_rate	1398	762	0	636	0	0	9.000	50.920	0	200	Direct support means exact training feature key was observed; global fallback means the test feature key was unseen in training.
H1_spot_interaction_receptor_layer	cold_host	2	rbpbase_boundary_reviewed_plus_host_KO_rate	1398	762	0	636	0	0	9.000	52.309	0	205	Direct support means exact training feature key was observed; global fallback means the test feature key was unseen in training.
H1_spot_interaction_receptor_layer	cold_host	2	pharokka_plus_host_KO_rate	1398	762	0	636	0	0	8.000	27.192	0	130	Direct support means exact training feature key was observed; global fallback means the test feature key was unseen in training.
H1_spot_interaction_receptor_layer	cold_host	2	phold_plus_host_KO_rate	1398	756	0	642	0	0	4.500	24.109	0	120	Direct support means exact training feature key was observed; global fallback means the test feature key was unseen in training.
H1_spot_interaction_receptor_layer	cold_host	2	phold_new_plus_host_KO_rate	1398	762	0	636	0	0	10.000	56.273	0	210	Direct support means exact training feature key was observed; global fallback means the test feature key was unseen in training.
H1_spot_interaction_receptor_layer	cold_host	2	pharokka_phold_plus_host_KO_rate	1398	756	0	642	0	0	4.500	24.109	0	120	Direct support means exact training feature key was observed; global fallback means the test feature key was unseen in training.
H1_spot_interaction_receptor_layer	cold_host	2	receptor_signature_rate	1398	1398	0	0	0	0	1849.000	2383.931	123	3960	Direct support means exact training feature key was observed; global fallback means the test feature key was unseen in training.
H1_spot_interaction_receptor_layer	cold_host	2	receptor_plus_host_KO_rate	1398	740	0	658	0	0	4.000	19.121	0	100	Direct support means exact training feature key was observed; global fallback means the test feature key was unseen in training.
H1_spot_interaction_receptor_layer	cold_host	2	receptor_boundary_reviewed_plus_host_KO_rate	1398	736	0	662	0	0	4.000	19.773	0	105	Direct support means exact training feature key was observed; global fallback means the test feature key was unseen in training.
H1_spot_interaction_receptor_layer	cold_host	2	genome_similarity_nearest_phage_rate	1398	1398	0	0	0	0	396.000	429.850	223	615	Direct support means nearest-phage rate or nearest-phage+host-K/O support; intermediate fallback means host-K/O support was absent but nearest-phage marginal support was available.
H1_spot_interaction_receptor_layer	cold_host	2	genome_similarity_nearest_phage_host_KO_rate	1398	686	712	0	0	0	0.000	4.262	0	25	Direct support means nearest-phage rate or nearest-phage+host-K/O support; intermediate fallback means host-K/O support was absent but nearest-phage marginal support was available.
H1_spot_interaction_receptor_layer	cold_host	2	combined_receptor_host_taxonomy_rate	1398	558	0	840	0	0	0.000	1.213	0	15	Direct support means exact training feature key was observed; global fallback means the test feature key was unseen in training.
H1_spot_interaction_receptor_layer	cold_host	2	combined_receptor_boundary_reviewed_host_taxonomy_rate	1398	558	0	840	0	0	0.000	1.213	0	15	Direct support means exact training feature key was observed; global fallback means the test feature key was unseen in training.
H1_spot_interaction_receptor_layer	cold_host	3	global_prevalence	2968	0	0	0	2968	0	7038.000	7038.000	7038	7038	Global prevalence is the intended model, not an accidental fallback.
H1_spot_interaction_receptor_layer	cold_host	3	phage_marginal_rate	2968	2968	0	0	0	0	94.000	78.733	46	94	Direct support means exact training feature key was observed; global fallback means the test feature key was unseen in training.
H1_spot_interaction_receptor_layer	cold_host	3	host_marginal_rate	2968	0	0	2968	0	0	0.000	0.000	0	0	Direct support means exact training feature key was observed; global fallback means the test feature key was unseen in training.
H1_spot_interaction_receptor_layer	cold_host	3	taxonomy_cluster_rate	2968	2968	0	0	0	0	94.000	98.518	46	282	Direct support means exact training feature key was observed; global fallback means the test feature key was unseen in training.
H1_spot_interaction_receptor_layer	cold_host	3	host_K_type_rate	2968	2187	0	781	0	0	59.000	81.497	0	335	Direct support means exact training feature key was observed; global fallback means the test feature key was unseen in training.
H1_spot_interaction_receptor_layer	cold_host	3	host_KO_rate	2968	1609	0	1359	0	0	46.000	53.372	0	276	Direct support means exact training feature key was observed; global fallback means the test feature key was unseen in training.
H1_spot_interaction_receptor_layer	cold_host	3	rbpbase_plus_host_KO_rate	2968	1609	0	1359	0	0	5.000	39.475	0	240	Direct support means exact training feature key was observed; global fallback means the test feature key was unseen in training.
H1_spot_interaction_receptor_layer	cold_host	3	rbpbase_boundary_reviewed_plus_host_KO_rate	2968	1609	0	1359	0	0	5.000	40.314	0	246	Direct support means exact training feature key was observed; global fallback means the test feature key was unseen in training.
H1_spot_interaction_receptor_layer	cold_host	3	pharokka_plus_host_KO_rate	2968	1609	0	1359	0	0	8.000	21.062	0	156	Direct support means exact training feature key was observed; global fallback means the test feature key was unseen in training.
H1_spot_interaction_receptor_layer	cold_host	3	phold_plus_host_KO_rate	2968	1591	0	1377	0	0	4.000	18.682	0	144	Direct support means exact training feature key was observed; global fallback means the test feature key was unseen in training.
H1_spot_interaction_receptor_layer	cold_host	3	phold_new_plus_host_KO_rate	2968	1609	0	1359	0	0	6.000	43.750	0	252	Direct support means exact training feature key was observed; global fallback means the test feature key was unseen in training.
H1_spot_interaction_receptor_layer	cold_host	3	pharokka_phold_plus_host_KO_rate	2968	1591	0	1377	0	0	4.000	18.682	0	144	Direct support means exact training feature key was observed; global fallback means the test feature key was unseen in training.
H1_spot_interaction_receptor_layer	cold_host	3	receptor_signature_rate	2968	2968	0	0	0	0	1452.000	1953.350	94	3260	Direct support means exact training feature key was observed; global fallback means the test feature key was unseen in training.
H1_spot_interaction_receptor_layer	cold_host	3	receptor_plus_host_KO_rate	2968	1545	0	1423	0	0	2.000	14.870	0	120	Direct support means exact training feature key was observed; global fallback means the test feature key was unseen in training.
H1_spot_interaction_receptor_layer	cold_host	3	receptor_boundary_reviewed_plus_host_KO_rate	2968	1533	0	1435	0	0	2.000	15.251	0	126	Direct support means exact training feature key was observed; global fallback means the test feature key was unseen in training.
H1_spot_interaction_receptor_layer	cold_host	3	genome_similarity_nearest_phage_rate	2968	2968	0	0	0	0	374.000	368.199	186	470	Direct support means nearest-phage rate or nearest-phage+host-K/O support; intermediate fallback means host-K/O support was absent but nearest-phage marginal support was available.
H1_spot_interaction_receptor_layer	cold_host	3	genome_similarity_nearest_phage_host_KO_rate	2968	1419	1549	0	0	0	0.000	3.169	0	30	Direct support means nearest-phage rate or nearest-phage+host-K/O support; intermediate fallback means host-K/O support was absent but nearest-phage marginal support was available.
H1_spot_interaction_receptor_layer	cold_host	3	combined_receptor_host_taxonomy_rate	2968	1087	0	1881	0	0	0.000	0.857	0	18	Direct support means exact training feature key was observed; global fallback means the test feature key was unseen in training.
H1_spot_interaction_receptor_layer	cold_host	3	combined_receptor_boundary_reviewed_host_taxonomy_rate	2968	1087	0	1881	0	0	0.000	0.856	0	18	Direct support means exact training feature key was observed; global fallback means the test feature key was unseen in training.
H1_spot_interaction_receptor_layer	cold_host	4	global_prevalence	3001	0	0	0	3001	0	7005.000	7005.000	7005	7005	Global prevalence is the intended model, not an accidental fallback.
H1_spot_interaction_receptor_layer	cold_host	4	phage_marginal_rate	3001	3001	0	0	0	0	92.000	78.729	47	92	Direct support means exact training feature key was observed; global fallback means the test feature key was unseen in training.
H1_spot_interaction_receptor_layer	cold_host	4	host_marginal_rate	3001	0	0	3001	0	0	0.000	0.000	0	0	Direct support means exact training feature key was observed; global fallback means the test feature key was unseen in training.
H1_spot_interaction_receptor_layer	cold_host	4	taxonomy_cluster_rate	3001	3001	0	0	0	0	92.000	98.481	47	276	Direct support means exact training feature key was observed; global fallback means the test feature key was unseen in training.
H1_spot_interaction_receptor_layer	cold_host	4	host_K_type_rate	3001	2371	0	630	0	0	92.000	86.691	0	289	Direct support means exact training feature key was observed; global fallback means the test feature key was unseen in training.
H1_spot_interaction_receptor_layer	cold_host	4	host_KO_rate	3001	1931	0	1070	0	0	46.000	55.315	0	230	Direct support means exact training feature key was observed; global fallback means the test feature key was unseen in training.
H1_spot_interaction_receptor_layer	cold_host	4	rbpbase_plus_host_KO_rate	3001	1931	0	1070	0	0	40.000	41.264	0	200	Direct support means exact training feature key was observed; global fallback means the test feature key was unseen in training.
H1_spot_interaction_receptor_layer	cold_host	4	rbpbase_boundary_reviewed_plus_host_KO_rate	3001	1931	0	1070	0	0	41.000	42.394	0	205	Direct support means exact training feature key was observed; global fallback means the test feature key was unseen in training.
H1_spot_interaction_receptor_layer	cold_host	4	pharokka_plus_host_KO_rate	3001	1931	0	1070	0	0	13.000	22.056	0	130	Direct support means exact training feature key was observed; global fallback means the test feature key was unseen in training.
H1_spot_interaction_receptor_layer	cold_host	4	phold_plus_host_KO_rate	3001	1913	0	1088	0	0	12.000	19.553	0	120	Direct support means exact training feature key was observed; global fallback means the test feature key was unseen in training.
H1_spot_interaction_receptor_layer	cold_host	4	phold_new_plus_host_KO_rate	3001	1931	0	1070	0	0	42.000	45.578	0	210	Direct support means exact training feature key was observed; global fallback means the test feature key was unseen in training.
H1_spot_interaction_receptor_layer	cold_host	4	pharokka_phold_plus_host_KO_rate	3001	1913	0	1088	0	0	12.000	19.553	0	120	Direct support means exact training feature key was observed; global fallback means the test feature key was unseen in training.
H1_spot_interaction_receptor_layer	cold_host	4	receptor_signature_rate	3001	3001	0	0	0	0	1431.000	1943.948	92	3250	Direct support means exact training feature key was observed; global fallback means the test feature key was unseen in training.
H1_spot_interaction_receptor_layer	cold_host	4	receptor_plus_host_KO_rate	3001	1869	0	1132	0	0	5.000	15.554	0	100	Direct support means exact training feature key was observed; global fallback means the test feature key was unseen in training.
H1_spot_interaction_receptor_layer	cold_host	4	receptor_boundary_reviewed_plus_host_KO_rate	3001	1857	0	1144	0	0	5.000	16.066	0	105	Direct support means exact training feature key was observed; global fallback means the test feature key was unseen in training.
H1_spot_interaction_receptor_layer	cold_host	4	genome_similarity_nearest_phage_rate	3001	3001	0	0	0	0	370.000	366.668	186	460	Direct support means nearest-phage rate or nearest-phage+host-K/O support; intermediate fallback means host-K/O support was absent but nearest-phage marginal support was available.
H1_spot_interaction_receptor_layer	cold_host	4	genome_similarity_nearest_phage_host_KO_rate	3001	1779	1222	0	0	0	2.000	3.559	0	25	Direct support means nearest-phage rate or nearest-phage+host-K/O support; intermediate fallback means host-K/O support was absent but nearest-phage marginal support was available.
H1_spot_interaction_receptor_layer	cold_host	4	combined_receptor_host_taxonomy_rate	3001	1499	0	1502	0	0	0.000	1.024	0	15	Direct support means exact training feature key was observed; global fallback means the test feature key was unseen in training.
H1_spot_interaction_receptor_layer	cold_host	4	combined_receptor_boundary_reviewed_host_taxonomy_rate	3001	1499	0	1502	0	0	0.000	1.023	0	15	Direct support means exact training feature key was observed; global fallback means the test feature key was unseen in training.
H1_spot_interaction_receptor_layer	cold_host	5	global_prevalence	1313	0	0	0	1313	0	8693.000	8693.000	8693	8693	Global prevalence is the intended model, not an accidental fallback.
H1_spot_interaction_receptor_layer	cold_host	5	phage_marginal_rate	1313	1313	0	0	0	0	121.000	93.500	53	121	Direct support means exact training feature key was observed; global fallback means the test feature key was unseen in training.
H1_spot_interaction_receptor_layer	cold_host	5	host_marginal_rate	1313	0	0	1313	0	0	0.000	0.000	0	0	Direct support means exact training feature key was observed; global fallback means the test feature key was unseen in training.
H1_spot_interaction_receptor_layer	cold_host	5	taxonomy_cluster_rate	1313	1313	0	0	0	0	121.000	117.283	53	363	Direct support means exact training feature key was observed; global fallback means the test feature key was unseen in training.
H1_spot_interaction_receptor_layer	cold_host	5	host_K_type_rate	1313	952	0	361	0	0	92.000	105.687	0	289	Direct support means exact training feature key was observed; global fallback means the test feature key was unseen in training.
H1_spot_interaction_receptor_layer	cold_host	5	host_KO_rate	1313	775	0	538	0	0	46.000	73.397	0	289	Direct support means exact training feature key was observed; global fallback means the test feature key was unseen in training.
H1_spot_interaction_receptor_layer	cold_host	5	rbpbase_plus_host_KO_rate	1313	775	0	538	0	0	40.000	55.014	0	247	Direct support means exact training feature key was observed; global fallback means the test feature key was unseen in training.
H1_spot_interaction_receptor_layer	cold_host	5	rbpbase_boundary_reviewed_plus_host_KO_rate	1313	775	0	538	0	0	41.000	56.711	0	250	Direct support means exact training feature key was observed; global fallback means the test feature key was unseen in training.
H1_spot_interaction_receptor_layer	cold_host	5	pharokka_plus_host_KO_rate	1313	775	0	538	0	0	13.000	29.411	0	162	Direct support means exact training feature key was observed; global fallback means the test feature key was unseen in training.
H1_spot_interaction_receptor_layer	cold_host	5	phold_plus_host_KO_rate	1313	766	0	547	0	0	8.000	26.067	0	151	Direct support means exact training feature key was observed; global fallback means the test feature key was unseen in training.
H1_spot_interaction_receptor_layer	cold_host	5	phold_new_plus_host_KO_rate	1313	775	0	538	0	0	42.000	60.678	0	261	Direct support means exact training feature key was observed; global fallback means the test feature key was unseen in training.
H1_spot_interaction_receptor_layer	cold_host	5	pharokka_phold_plus_host_KO_rate	1313	766	0	547	0	0	8.000	26.067	0	151	Direct support means exact training feature key was observed; global fallback means the test feature key was unseen in training.
H1_spot_interaction_receptor_layer	cold_host	5	receptor_signature_rate	1313	1313	0	0	0	0	1838.000	2411.437	121	4010	Direct support means exact training feature key was observed; global fallback means the test feature key was unseen in training.
H1_spot_interaction_receptor_layer	cold_host	5	receptor_plus_host_KO_rate	1313	745	0	568	0	0	6.000	20.669	0	130	Direct support means exact training feature key was observed; global fallback means the test feature key was unseen in training.
H1_spot_interaction_receptor_layer	cold_host	5	receptor_boundary_reviewed_plus_host_KO_rate	1313	739	0	574	0	0	6.000	21.461	0	133	Direct support means exact training feature key was observed; global fallback means the test feature key was unseen in training.
H1_spot_interaction_receptor_layer	cold_host	5	genome_similarity_nearest_phage_rate	1313	1313	0	0	0	0	469.000	448.126	227	605	Direct support means nearest-phage rate or nearest-phage+host-K/O support; intermediate fallback means host-K/O support was absent but nearest-phage marginal support was available.
H1_spot_interaction_receptor_layer	cold_host	5	genome_similarity_nearest_phage_host_KO_rate	1313	718	595	0	0	0	2.000	4.877	0	30	Direct support means nearest-phage rate or nearest-phage+host-K/O support; intermediate fallback means host-K/O support was absent but nearest-phage marginal support was available.
H1_spot_interaction_receptor_layer	cold_host	5	combined_receptor_host_taxonomy_rate	1313	604	0	709	0	0	0.000	1.412	0	18	Direct support means exact training feature key was observed; global fallback means the test feature key was unseen in training.
H1_spot_interaction_receptor_layer	cold_host	5	combined_receptor_boundary_reviewed_host_taxonomy_rate	1313	604	0	709	0	0	0.000	1.412	0	18	Direct support means exact training feature key was observed; global fallback means the test feature key was unseen in training.
H1_spot_interaction_receptor_layer	cold_K_locus	1	global_prevalence	1457	0	0	0	1457	0	8549.000	8549.000	8549	8549	Global prevalence is the intended model, not an accidental fallback.
H1_spot_interaction_receptor_layer	cold_K_locus	1	phage_marginal_rate	1457	1457	0	0	0	0	49.000	84.045	49	123	Direct support means exact training feature key was observed; global fallback means the test feature key was unseen in training.
H1_spot_interaction_receptor_layer	cold_K_locus	1	host_marginal_rate	1457	0	0	1457	0	0	0.000	0.000	0	0	Direct support means exact training feature key was observed; global fallback means the test feature key was unseen in training.
H1_spot_interaction_receptor_layer	cold_K_locus	1	taxonomy_cluster_rate	1457	1457	0	0	0	0	123.000	106.032	49	369	Direct support means exact training feature key was observed; global fallback means the test feature key was unseen in training.
H1_spot_interaction_receptor_layer	cold_K_locus	1	host_K_type_rate	1457	0	0	1457	0	0	0.000	0.000	0	0	Direct support means exact training feature key was observed; global fallback means the test feature key was unseen in training.
H1_spot_interaction_receptor_layer	cold_K_locus	1	host_KO_rate	1457	0	0	1457	0	0	0.000	0.000	0	0	Direct support means exact training feature key was observed; global fallback means the test feature key was unseen in training.
H1_spot_interaction_receptor_layer	cold_K_locus	1	rbpbase_plus_host_KO_rate	1457	0	0	1457	0	0	0.000	0.000	0	0	Direct support means exact training feature key was observed; global fallback means the test feature key was unseen in training.
H1_spot_interaction_receptor_layer	cold_K_locus	1	rbpbase_boundary_reviewed_plus_host_KO_rate	1457	0	0	1457	0	0	0.000	0.000	0	0	Direct support means exact training feature key was observed; global fallback means the test feature key was unseen in training.
H1_spot_interaction_receptor_layer	cold_K_locus	1	pharokka_plus_host_KO_rate	1457	0	0	1457	0	0	0.000	0.000	0	0	Direct support means exact training feature key was observed; global fallback means the test feature key was unseen in training.
H1_spot_interaction_receptor_layer	cold_K_locus	1	phold_plus_host_KO_rate	1457	0	0	1457	0	0	0.000	0.000	0	0	Direct support means exact training feature key was observed; global fallback means the test feature key was unseen in training.
H1_spot_interaction_receptor_layer	cold_K_locus	1	phold_new_plus_host_KO_rate	1457	0	0	1457	0	0	0.000	0.000	0	0	Direct support means exact training feature key was observed; global fallback means the test feature key was unseen in training.
H1_spot_interaction_receptor_layer	cold_K_locus	1	pharokka_phold_plus_host_KO_rate	1457	0	0	1457	0	0	0.000	0.000	0	0	Direct support means exact training feature key was observed; global fallback means the test feature key was unseen in training.
H1_spot_interaction_receptor_layer	cold_K_locus	1	receptor_signature_rate	1457	1457	0	0	0	0	1844.000	2366.535	123	3930	Direct support means exact training feature key was observed; global fallback means the test feature key was unseen in training.
H1_spot_interaction_receptor_layer	cold_K_locus	1	receptor_plus_host_KO_rate	1457	0	0	1457	0	0	0.000	0.000	0	0	Direct support means exact training feature key was observed; global fallback means the test feature key was unseen in training.
H1_spot_interaction_receptor_layer	cold_K_locus	1	receptor_boundary_reviewed_plus_host_KO_rate	1457	0	0	1457	0	0	0.000	0.000	0	0	Direct support means exact training feature key was observed; global fallback means the test feature key was unseen in training.
H1_spot_interaction_receptor_layer	cold_K_locus	1	genome_similarity_nearest_phage_rate	1457	1457	0	0	0	0	393.000	424.004	221	615	Direct support means nearest-phage rate or nearest-phage+host-K/O support; intermediate fallback means host-K/O support was absent but nearest-phage marginal support was available.
H1_spot_interaction_receptor_layer	cold_K_locus	1	genome_similarity_nearest_phage_host_KO_rate	1457	0	1457	0	0	0	0.000	0.000	0	0	Direct support means nearest-phage rate or nearest-phage+host-K/O support; intermediate fallback means host-K/O support was absent but nearest-phage marginal support was available.
H1_spot_interaction_receptor_layer	cold_K_locus	1	combined_receptor_host_taxonomy_rate	1457	0	0	1457	0	0	0.000	0.000	0	0	Direct support means exact training feature key was observed; global fallback means the test feature key was unseen in training.
H1_spot_interaction_receptor_layer	cold_K_locus	1	combined_receptor_boundary_reviewed_host_taxonomy_rate	1457	0	0	1457	0	0	0.000	0.000	0	0	Direct support means exact training feature key was observed; global fallback means the test feature key was unseen in training.
H1_spot_interaction_receptor_layer	cold_K_locus	2	global_prevalence	1352	0	0	0	1352	0	8654.000	8654.000	8654	8654	Global prevalence is the intended model, not an accidental fallback.
H1_spot_interaction_receptor_layer	cold_K_locus	2	phage_marginal_rate	1352	1352	0	0	0	0	50.000	85.249	50	124	Direct support means exact training feature key was observed; global fallback means the test feature key was unseen in training.
H1_spot_interaction_receptor_layer	cold_K_locus	2	host_marginal_rate	1352	0	0	1352	0	0	0.000	0.000	0	0	Direct support means exact training feature key was observed; global fallback means the test feature key was unseen in training.
H1_spot_interaction_receptor_layer	cold_K_locus	2	taxonomy_cluster_rate	1352	1352	0	0	0	0	124.000	107.538	50	372	Direct support means exact training feature key was observed; global fallback means the test feature key was unseen in training.
H1_spot_interaction_receptor_layer	cold_K_locus	2	host_K_type_rate	1352	0	0	1352	0	0	0.000	0.000	0	0	Direct support means exact training feature key was observed; global fallback means the test feature key was unseen in training.
H1_spot_interaction_receptor_layer	cold_K_locus	2	host_KO_rate	1352	0	0	1352	0	0	0.000	0.000	0	0	Direct support means exact training feature key was observed; global fallback means the test feature key was unseen in training.
H1_spot_interaction_receptor_layer	cold_K_locus	2	rbpbase_plus_host_KO_rate	1352	0	0	1352	0	0	0.000	0.000	0	0	Direct support means exact training feature key was observed; global fallback means the test feature key was unseen in training.
H1_spot_interaction_receptor_layer	cold_K_locus	2	rbpbase_boundary_reviewed_plus_host_KO_rate	1352	0	0	1352	0	0	0.000	0.000	0	0	Direct support means exact training feature key was observed; global fallback means the test feature key was unseen in training.
H1_spot_interaction_receptor_layer	cold_K_locus	2	pharokka_plus_host_KO_rate	1352	0	0	1352	0	0	0.000	0.000	0	0	Direct support means exact training feature key was observed; global fallback means the test feature key was unseen in training.
H1_spot_interaction_receptor_layer	cold_K_locus	2	phold_plus_host_KO_rate	1352	0	0	1352	0	0	0.000	0.000	0	0	Direct support means exact training feature key was observed; global fallback means the test feature key was unseen in training.
H1_spot_interaction_receptor_layer	cold_K_locus	2	phold_new_plus_host_KO_rate	1352	0	0	1352	0	0	0.000	0.000	0	0	Direct support means exact training feature key was observed; global fallback means the test feature key was unseen in training.
H1_spot_interaction_receptor_layer	cold_K_locus	2	pharokka_phold_plus_host_KO_rate	1352	0	0	1352	0	0	0.000	0.000	0	0	Direct support means exact training feature key was observed; global fallback means the test feature key was unseen in training.
H1_spot_interaction_receptor_layer	cold_K_locus	2	receptor_signature_rate	1352	1352	0	0	0	0	1862.000	2395.879	124	3980	Direct support means exact training feature key was observed; global fallback means the test feature key was unseen in training.
H1_spot_interaction_receptor_layer	cold_K_locus	2	receptor_plus_host_KO_rate	1352	0	0	1352	0	0	0.000	0.000	0	0	Direct support means exact training feature key was observed; global fallback means the test feature key was unseen in training.
H1_spot_interaction_receptor_layer	cold_K_locus	2	receptor_boundary_reviewed_plus_host_KO_rate	1352	0	0	1352	0	0	0.000	0.000	0	0	Direct support means exact training feature key was observed; global fallback means the test feature key was unseen in training.
H1_spot_interaction_receptor_layer	cold_K_locus	2	genome_similarity_nearest_phage_rate	1352	1352	0	0	0	0	398.000	429.408	224	620	Direct support means nearest-phage rate or nearest-phage+host-K/O support; intermediate fallback means host-K/O support was absent but nearest-phage marginal support was available.
H1_spot_interaction_receptor_layer	cold_K_locus	2	genome_similarity_nearest_phage_host_KO_rate	1352	0	1352	0	0	0	0.000	0.000	0	0	Direct support means nearest-phage rate or nearest-phage+host-K/O support; intermediate fallback means host-K/O support was absent but nearest-phage marginal support was available.
H1_spot_interaction_receptor_layer	cold_K_locus	2	combined_receptor_host_taxonomy_rate	1352	0	0	1352	0	0	0.000	0.000	0	0	Direct support means exact training feature key was observed; global fallback means the test feature key was unseen in training.
H1_spot_interaction_receptor_layer	cold_K_locus	2	combined_receptor_boundary_reviewed_host_taxonomy_rate	1352	0	0	1352	0	0	0.000	0.000	0	0	Direct support means exact training feature key was observed; global fallback means the test feature key was unseen in training.
H1_spot_interaction_receptor_layer	cold_K_locus	3	global_prevalence	2699	0	0	0	2699	0	7307.000	7307.000	7307	7307	Global prevalence is the intended model, not an accidental fallback.
H1_spot_interaction_receptor_layer	cold_K_locus	3	phage_marginal_rate	2699	2699	0	0	0	0	96.000	82.644	49	96	Direct support means exact training feature key was observed; global fallback means the test feature key was unseen in training.
H1_spot_interaction_receptor_layer	cold_K_locus	3	host_marginal_rate	2699	0	0	2699	0	0	0.000	0.000	0	0	Direct support means exact training feature key was observed; global fallback means the test feature key was unseen in training.
H1_spot_interaction_receptor_layer	cold_K_locus	3	taxonomy_cluster_rate	2699	2699	0	0	0	0	96.000	103.336	49	288	Direct support means exact training feature key was observed; global fallback means the test feature key was unseen in training.
H1_spot_interaction_receptor_layer	cold_K_locus	3	host_K_type_rate	2699	0	0	2699	0	0	0.000	0.000	0	0	Direct support means exact training feature key was observed; global fallback means the test feature key was unseen in training.
H1_spot_interaction_receptor_layer	cold_K_locus	3	host_KO_rate	2699	0	0	2699	0	0	0.000	0.000	0	0	Direct support means exact training feature key was observed; global fallback means the test feature key was unseen in training.
H1_spot_interaction_receptor_layer	cold_K_locus	3	rbpbase_plus_host_KO_rate	2699	0	0	2699	0	0	0.000	0.000	0	0	Direct support means exact training feature key was observed; global fallback means the test feature key was unseen in training.
H1_spot_interaction_receptor_layer	cold_K_locus	3	rbpbase_boundary_reviewed_plus_host_KO_rate	2699	0	0	2699	0	0	0.000	0.000	0	0	Direct support means exact training feature key was observed; global fallback means the test feature key was unseen in training.
H1_spot_interaction_receptor_layer	cold_K_locus	3	pharokka_plus_host_KO_rate	2699	0	0	2699	0	0	0.000	0.000	0	0	Direct support means exact training feature key was observed; global fallback means the test feature key was unseen in training.
H1_spot_interaction_receptor_layer	cold_K_locus	3	phold_plus_host_KO_rate	2699	0	0	2699	0	0	0.000	0.000	0	0	Direct support means exact training feature key was observed; global fallback means the test feature key was unseen in training.
H1_spot_interaction_receptor_layer	cold_K_locus	3	phold_new_plus_host_KO_rate	2699	0	0	2699	0	0	0.000	0.000	0	0	Direct support means exact training feature key was observed; global fallback means the test feature key was unseen in training.
H1_spot_interaction_receptor_layer	cold_K_locus	3	pharokka_phold_plus_host_KO_rate	2699	0	0	2699	0	0	0.000	0.000	0	0	Direct support means exact training feature key was observed; global fallback means the test feature key was unseen in training.
H1_spot_interaction_receptor_layer	cold_K_locus	3	receptor_signature_rate	2699	2699	0	0	0	0	1493.000	2027.863	96	3390	Direct support means exact training feature key was observed; global fallback means the test feature key was unseen in training.
H1_spot_interaction_receptor_layer	cold_K_locus	3	receptor_plus_host_KO_rate	2699	0	0	2699	0	0	0.000	0.000	0	0	Direct support means exact training feature key was observed; global fallback means the test feature key was unseen in training.
H1_spot_interaction_receptor_layer	cold_K_locus	3	receptor_boundary_reviewed_plus_host_KO_rate	2699	0	0	2699	0	0	0.000	0.000	0	0	Direct support means exact training feature key was observed; global fallback means the test feature key was unseen in training.
H1_spot_interaction_receptor_layer	cold_K_locus	3	genome_similarity_nearest_phage_rate	2699	2699	0	0	0	0	386.000	383.687	194	480	Direct support means nearest-phage rate or nearest-phage+host-K/O support; intermediate fallback means host-K/O support was absent but nearest-phage marginal support was available.
H1_spot_interaction_receptor_layer	cold_K_locus	3	genome_similarity_nearest_phage_host_KO_rate	2699	0	2699	0	0	0	0.000	0.000	0	0	Direct support means nearest-phage rate or nearest-phage+host-K/O support; intermediate fallback means host-K/O support was absent but nearest-phage marginal support was available.
H1_spot_interaction_receptor_layer	cold_K_locus	3	combined_receptor_host_taxonomy_rate	2699	0	0	2699	0	0	0.000	0.000	0	0	Direct support means exact training feature key was observed; global fallback means the test feature key was unseen in training.
H1_spot_interaction_receptor_layer	cold_K_locus	3	combined_receptor_boundary_reviewed_host_taxonomy_rate	2699	0	0	2699	0	0	0.000	0.000	0	0	Direct support means exact training feature key was observed; global fallback means the test feature key was unseen in training.
H1_spot_interaction_receptor_layer	cold_K_locus	4	global_prevalence	2732	0	0	0	2732	0	7274.000	7274.000	7274	7274	Global prevalence is the intended model, not an accidental fallback.
H1_spot_interaction_receptor_layer	cold_K_locus	4	phage_marginal_rate	2732	2732	0	0	0	0	94.000	82.597	50	94	Direct support means exact training feature key was observed; global fallback means the test feature key was unseen in training.
H1_spot_interaction_receptor_layer	cold_K_locus	4	host_marginal_rate	2732	0	0	2732	0	0	0.000	0.000	0	0	Direct support means exact training feature key was observed; global fallback means the test feature key was unseen in training.
H1_spot_interaction_receptor_layer	cold_K_locus	4	taxonomy_cluster_rate	2732	2732	0	0	0	0	94.000	103.247	50	282	Direct support means exact training feature key was observed; global fallback means the test feature key was unseen in training.
H1_spot_interaction_receptor_layer	cold_K_locus	4	host_K_type_rate	2732	0	0	2732	0	0	0.000	0.000	0	0	Direct support means exact training feature key was observed; global fallback means the test feature key was unseen in training.
H1_spot_interaction_receptor_layer	cold_K_locus	4	host_KO_rate	2732	0	0	2732	0	0	0.000	0.000	0	0	Direct support means exact training feature key was observed; global fallback means the test feature key was unseen in training.
H1_spot_interaction_receptor_layer	cold_K_locus	4	rbpbase_plus_host_KO_rate	2732	0	0	2732	0	0	0.000	0.000	0	0	Direct support means exact training feature key was observed; global fallback means the test feature key was unseen in training.
H1_spot_interaction_receptor_layer	cold_K_locus	4	rbpbase_boundary_reviewed_plus_host_KO_rate	2732	0	0	2732	0	0	0.000	0.000	0	0	Direct support means exact training feature key was observed; global fallback means the test feature key was unseen in training.
H1_spot_interaction_receptor_layer	cold_K_locus	4	pharokka_plus_host_KO_rate	2732	0	0	2732	0	0	0.000	0.000	0	0	Direct support means exact training feature key was observed; global fallback means the test feature key was unseen in training.
H1_spot_interaction_receptor_layer	cold_K_locus	4	phold_plus_host_KO_rate	2732	0	0	2732	0	0	0.000	0.000	0	0	Direct support means exact training feature key was observed; global fallback means the test feature key was unseen in training.
H1_spot_interaction_receptor_layer	cold_K_locus	4	phold_new_plus_host_KO_rate	2732	0	0	2732	0	0	0.000	0.000	0	0	Direct support means exact training feature key was observed; global fallback means the test feature key was unseen in training.
H1_spot_interaction_receptor_layer	cold_K_locus	4	pharokka_phold_plus_host_KO_rate	2732	0	0	2732	0	0	0.000	0.000	0	0	Direct support means exact training feature key was observed; global fallback means the test feature key was unseen in training.
H1_spot_interaction_receptor_layer	cold_K_locus	4	receptor_signature_rate	2732	2732	0	0	0	0	1472.000	2018.217	94	3380	Direct support means exact training feature key was observed; global fallback means the test feature key was unseen in training.
H1_spot_interaction_receptor_layer	cold_K_locus	4	receptor_plus_host_KO_rate	2732	0	0	2732	0	0	0.000	0.000	0	0	Direct support means exact training feature key was observed; global fallback means the test feature key was unseen in training.
H1_spot_interaction_receptor_layer	cold_K_locus	4	receptor_boundary_reviewed_plus_host_KO_rate	2732	0	0	2732	0	0	0.000	0.000	0	0	Direct support means exact training feature key was observed; global fallback means the test feature key was unseen in training.
H1_spot_interaction_receptor_layer	cold_K_locus	4	genome_similarity_nearest_phage_rate	2732	2732	0	0	0	0	382.000	382.050	194	470	Direct support means nearest-phage rate or nearest-phage+host-K/O support; intermediate fallback means host-K/O support was absent but nearest-phage marginal support was available.
H1_spot_interaction_receptor_layer	cold_K_locus	4	genome_similarity_nearest_phage_host_KO_rate	2732	0	2732	0	0	0	0.000	0.000	0	0	Direct support means nearest-phage rate or nearest-phage+host-K/O support; intermediate fallback means host-K/O support was absent but nearest-phage marginal support was available.
H1_spot_interaction_receptor_layer	cold_K_locus	4	combined_receptor_host_taxonomy_rate	2732	0	0	2732	0	0	0.000	0.000	0	0	Direct support means exact training feature key was observed; global fallback means the test feature key was unseen in training.
H1_spot_interaction_receptor_layer	cold_K_locus	4	combined_receptor_boundary_reviewed_host_taxonomy_rate	2732	0	0	2732	0	0	0.000	0.000	0	0	Direct support means exact training feature key was observed; global fallback means the test feature key was unseen in training.
H1_spot_interaction_receptor_layer	cold_K_locus	5	global_prevalence	1766	0	0	0	1766	0	8240.000	8240.000	8240	8240	Global prevalence is the intended model, not an accidental fallback.
H1_spot_interaction_receptor_layer	cold_K_locus	5	phage_marginal_rate	1766	1766	0	0	0	0	115.000	88.941	50	115	Direct support means exact training feature key was observed; global fallback means the test feature key was unseen in training.
H1_spot_interaction_receptor_layer	cold_K_locus	5	host_marginal_rate	1766	0	0	1766	0	0	0.000	0.000	0	0	Direct support means exact training feature key was observed; global fallback means the test feature key was unseen in training.
H1_spot_interaction_receptor_layer	cold_K_locus	5	taxonomy_cluster_rate	1766	1766	0	0	0	0	115.000	111.540	50	345	Direct support means exact training feature key was observed; global fallback means the test feature key was unseen in training.
H1_spot_interaction_receptor_layer	cold_K_locus	5	host_K_type_rate	1766	0	0	1766	0	0	0.000	0.000	0	0	Direct support means exact training feature key was observed; global fallback means the test feature key was unseen in training.
H1_spot_interaction_receptor_layer	cold_K_locus	5	host_KO_rate	1766	0	0	1766	0	0	0.000	0.000	0	0	Direct support means exact training feature key was observed; global fallback means the test feature key was unseen in training.
H1_spot_interaction_receptor_layer	cold_K_locus	5	rbpbase_plus_host_KO_rate	1766	0	0	1766	0	0	0.000	0.000	0	0	Direct support means exact training feature key was observed; global fallback means the test feature key was unseen in training.
H1_spot_interaction_receptor_layer	cold_K_locus	5	rbpbase_boundary_reviewed_plus_host_KO_rate	1766	0	0	1766	0	0	0.000	0.000	0	0	Direct support means exact training feature key was observed; global fallback means the test feature key was unseen in training.
H1_spot_interaction_receptor_layer	cold_K_locus	5	pharokka_plus_host_KO_rate	1766	0	0	1766	0	0	0.000	0.000	0	0	Direct support means exact training feature key was observed; global fallback means the test feature key was unseen in training.
H1_spot_interaction_receptor_layer	cold_K_locus	5	phold_plus_host_KO_rate	1766	0	0	1766	0	0	0.000	0.000	0	0	Direct support means exact training feature key was observed; global fallback means the test feature key was unseen in training.
H1_spot_interaction_receptor_layer	cold_K_locus	5	phold_new_plus_host_KO_rate	1766	0	0	1766	0	0	0.000	0.000	0	0	Direct support means exact training feature key was observed; global fallback means the test feature key was unseen in training.
H1_spot_interaction_receptor_layer	cold_K_locus	5	pharokka_phold_plus_host_KO_rate	1766	0	0	1766	0	0	0.000	0.000	0	0	Direct support means exact training feature key was observed; global fallback means the test feature key was unseen in training.
H1_spot_interaction_receptor_layer	cold_K_locus	5	receptor_signature_rate	1766	1766	0	0	0	0	1745.000	2285.889	115	3800	Direct support means exact training feature key was observed; global fallback means the test feature key was unseen in training.
H1_spot_interaction_receptor_layer	cold_K_locus	5	receptor_plus_host_KO_rate	1766	0	0	1766	0	0	0.000	0.000	0	0	Direct support means exact training feature key was observed; global fallback means the test feature key was unseen in training.
H1_spot_interaction_receptor_layer	cold_K_locus	5	receptor_boundary_reviewed_plus_host_KO_rate	1766	0	0	1766	0	0	0.000	0.000	0	0	Direct support means exact training feature key was observed; global fallback means the test feature key was unseen in training.
H1_spot_interaction_receptor_layer	cold_K_locus	5	genome_similarity_nearest_phage_rate	1766	1766	0	0	0	0	445.000	425.623	215	575	Direct support means nearest-phage rate or nearest-phage+host-K/O support; intermediate fallback means host-K/O support was absent but nearest-phage marginal support was available.
H1_spot_interaction_receptor_layer	cold_K_locus	5	genome_similarity_nearest_phage_host_KO_rate	1766	0	1766	0	0	0	0.000	0.000	0	0	Direct support means nearest-phage rate or nearest-phage+host-K/O support; intermediate fallback means host-K/O support was absent but nearest-phage marginal support was available.
H1_spot_interaction_receptor_layer	cold_K_locus	5	combined_receptor_host_taxonomy_rate	1766	0	0	1766	0	0	0.000	0.000	0	0	Direct support means exact training feature key was observed; global fallback means the test feature key was unseen in training.
H1_spot_interaction_receptor_layer	cold_K_locus	5	combined_receptor_boundary_reviewed_host_taxonomy_rate	1766	0	0	1766	0	0	0.000	0.000	0	0	Direct support means exact training feature key was observed; global fallback means the test feature key was unseen in training.
H1_spot_interaction_receptor_layer	cold_phage_cluster	1	global_prevalence	1662	0	0	0	1662	0	8344.000	8344.000	8344	8344	Global prevalence is the intended model, not an accidental fallback.
H1_spot_interaction_receptor_layer	cold_phage_cluster	1	phage_marginal_rate	1662	0	0	1662	0	0	0.000	0.000	0	0	Direct support means exact training feature key was observed; global fallback means the test feature key was unseen in training.
H1_spot_interaction_receptor_layer	cold_phage_cluster	1	host_marginal_rate	1662	1662	0	0	0	0	38.000	42.029	38	50	Direct support means exact training feature key was observed; global fallback means the test feature key was unseen in training.
H1_spot_interaction_receptor_layer	cold_phage_cluster	1	taxonomy_cluster_rate	1662	0	0	1662	0	0	0.000	0.000	0	0	Direct support means exact training feature key was observed; global fallback means the test feature key was unseen in training.
H1_spot_interaction_receptor_layer	cold_phage_cluster	1	host_K_type_rate	1662	1662	0	0	0	0	152.000	141.326	38	316	Direct support means exact training feature key was observed; global fallback means the test feature key was unseen in training.
H1_spot_interaction_receptor_layer	cold_phage_cluster	1	host_KO_rate	1662	1662	0	0	0	0	88.000	106.859	38	278	Direct support means exact training feature key was observed; global fallback means the test feature key was unseen in training.
H1_spot_interaction_receptor_layer	cold_phage_cluster	1	rbpbase_plus_host_KO_rate	1662	1662	0	0	0	0	68.000	73.935	1	243	Direct support means exact training feature key was observed; global fallback means the test feature key was unseen in training.
H1_spot_interaction_receptor_layer	cold_phage_cluster	1	rbpbase_boundary_reviewed_plus_host_KO_rate	1662	1662	0	0	0	0	68.000	81.199	1	241	Direct support means exact training feature key was observed; global fallback means the test feature key was unseen in training.
H1_spot_interaction_receptor_layer	cold_phage_cluster	1	pharokka_plus_host_KO_rate	1662	1662	0	0	0	0	26.000	42.653	2	152	Direct support means exact training feature key was observed; global fallback means the test feature key was unseen in training.
H1_spot_interaction_receptor_layer	cold_phage_cluster	1	phold_plus_host_KO_rate	1662	1662	0	0	0	0	25.000	38.700	1	139	Direct support means exact training feature key was observed; global fallback means the test feature key was unseen in training.
H1_spot_interaction_receptor_layer	cold_phage_cluster	1	phold_new_plus_host_KO_rate	1662	1662	0	0	0	0	70.000	85.451	1	253	Direct support means exact training feature key was observed; global fallback means the test feature key was unseen in training.
H1_spot_interaction_receptor_layer	cold_phage_cluster	1	pharokka_phold_plus_host_KO_rate	1662	1662	0	0	0	0	25.000	38.700	1	139	Direct support means exact training feature key was observed; global fallback means the test feature key was unseen in training.
H1_spot_interaction_receptor_layer	cold_phage_cluster	1	receptor_signature_rate	1662	1662	0	0	0	0	3696.000	2403.242	124	3696	Direct support means exact training feature key was observed; global fallback means the test feature key was unseen in training.
H1_spot_interaction_receptor_layer	cold_phage_cluster	1	receptor_plus_host_KO_rate	1662	1662	0	0	0	0	24.000	30.729	1	120	Direct support means exact training feature key was observed; global fallback means the test feature key was unseen in training.
H1_spot_interaction_receptor_layer	cold_phage_cluster	1	receptor_boundary_reviewed_plus_host_KO_rate	1662	1662	0	0	0	0	22.000	33.585	1	118	Direct support means exact training feature key was observed; global fallback means the test feature key was unseen in training.
H1_spot_interaction_receptor_layer	cold_phage_cluster	1	genome_similarity_nearest_phage_rate	1662	1662	0	0	0	0	386.000	441.526	124	690	Direct support means nearest-phage rate or nearest-phage+host-K/O support; intermediate fallback means host-K/O support was absent but nearest-phage marginal support was available.
H1_spot_interaction_receptor_layer	cold_phage_cluster	1	genome_similarity_nearest_phage_host_KO_rate	1662	1466	196	0	0	0	5.000	6.018	0	35	Direct support means nearest-phage rate or nearest-phage+host-K/O support; intermediate fallback means host-K/O support was absent but nearest-phage marginal support was available.
H1_spot_interaction_receptor_layer	cold_phage_cluster	1	combined_receptor_host_taxonomy_rate	1662	0	0	1662	0	0	0.000	0.000	0	0	Direct support means exact training feature key was observed; global fallback means the test feature key was unseen in training.
H1_spot_interaction_receptor_layer	cold_phage_cluster	1	combined_receptor_boundary_reviewed_host_taxonomy_rate	1662	0	0	1662	0	0	0.000	0.000	0	0	Direct support means exact training feature key was observed; global fallback means the test feature key was unseen in training.
H1_spot_interaction_receptor_layer	cold_phage_cluster	2	global_prevalence	1696	0	0	0	1696	0	8310.000	8310.000	8310	8310	Global prevalence is the intended model, not an accidental fallback.
H1_spot_interaction_receptor_layer	cold_phage_cluster	2	phage_marginal_rate	1696	0	0	1696	0	0	0.000	0.000	0	0	Direct support means exact training feature key was observed; global fallback means the test feature key was unseen in training.
H1_spot_interaction_receptor_layer	cold_phage_cluster	2	host_marginal_rate	1696	1696	0	0	0	0	45.000	42.559	40	45	Direct support means exact training feature key was observed; global fallback means the test feature key was unseen in training.
H1_spot_interaction_receptor_layer	cold_phage_cluster	2	taxonomy_cluster_rate	1696	0	0	1696	0	0	0.000	0.000	0	0	Direct support means exact training feature key was observed; global fallback means the test feature key was unseen in training.
H1_spot_interaction_receptor_layer	cold_phage_cluster	2	host_K_type_rate	1696	1696	0	0	0	0	125.000	132.771	40	325	Direct support means exact training feature key was observed; global fallback means the test feature key was unseen in training.
H1_spot_interaction_receptor_layer	cold_phage_cluster	2	host_KO_rate	1696	1696	0	0	0	0	80.000	99.410	40	285	Direct support means exact training feature key was observed; global fallback means the test feature key was unseen in training.
H1_spot_interaction_receptor_layer	cold_phage_cluster	2	rbpbase_plus_host_KO_rate	1696	1696	0	0	0	0	38.000	67.557	3	248	Direct support means exact training feature key was observed; global fallback means the test feature key was unseen in training.
H1_spot_interaction_receptor_layer	cold_phage_cluster	2	rbpbase_boundary_reviewed_plus_host_KO_rate	1696	1696	0	0	0	0	36.000	68.126	2	252	Direct support means exact training feature key was observed; global fallback means the test feature key was unseen in training.
H1_spot_interaction_receptor_layer	cold_phage_cluster	2	pharokka_plus_host_KO_rate	1696	1696	0	0	0	0	22.000	35.236	2	159	Direct support means exact training feature key was observed; global fallback means the test feature key was unseen in training.
H1_spot_interaction_receptor_layer	cold_phage_cluster	2	phold_plus_host_KO_rate	1696	1598	0	98	0	0	20.000	31.228	0	146	Direct support means exact training feature key was observed; global fallback means the test feature key was unseen in training.
H1_spot_interaction_receptor_layer	cold_phage_cluster	2	phold_new_plus_host_KO_rate	1696	1696	0	0	0	0	72.000	82.199	2	256	Direct support means exact training feature key was observed; global fallback means the test feature key was unseen in training.
H1_spot_interaction_receptor_layer	cold_phage_cluster	2	pharokka_phold_plus_host_KO_rate	1696	1598	0	98	0	0	20.000	31.228	0	146	Direct support means exact training feature key was observed; global fallback means the test feature key was unseen in training.
H1_spot_interaction_receptor_layer	cold_phage_cluster	2	receptor_signature_rate	1696	1558	0	138	0	0	786.000	1858.325	0	3896	Direct support means exact training feature key was observed; global fallback means the test feature key was unseen in training.
H1_spot_interaction_receptor_layer	cold_phage_cluster	2	receptor_plus_host_KO_rate	1696	1558	0	138	0	0	12.000	22.999	0	127	Direct support means exact training feature key was observed; global fallback means the test feature key was unseen in training.
H1_spot_interaction_receptor_layer	cold_phage_cluster	2	receptor_boundary_reviewed_plus_host_KO_rate	1696	1558	0	138	0	0	9.000	23.038	0	131	Direct support means exact training feature key was observed; global fallback means the test feature key was unseen in training.
H1_spot_interaction_receptor_layer	cold_phage_cluster	2	genome_similarity_nearest_phage_rate	1696	1696	0	0	0	0	462.000	510.575	310	690	Direct support means nearest-phage rate or nearest-phage+host-K/O support; intermediate fallback means host-K/O support was absent but nearest-phage marginal support was available.
H1_spot_interaction_receptor_layer	cold_phage_cluster	2	genome_similarity_nearest_phage_host_KO_rate	1696	1696	0	0	0	0	5.000	7.808	1	35	Direct support means nearest-phage rate or nearest-phage+host-K/O support; intermediate fallback means host-K/O support was absent but nearest-phage marginal support was available.
H1_spot_interaction_receptor_layer	cold_phage_cluster	2	combined_receptor_host_taxonomy_rate	1696	0	0	1696	0	0	0.000	0.000	0	0	Direct support means exact training feature key was observed; global fallback means the test feature key was unseen in training.
H1_spot_interaction_receptor_layer	cold_phage_cluster	2	combined_receptor_boundary_reviewed_host_taxonomy_rate	1696	0	0	1696	0	0	0.000	0.000	0	0	Direct support means exact training feature key was observed; global fallback means the test feature key was unseen in training.
H1_spot_interaction_receptor_layer	cold_phage_cluster	3	global_prevalence	2476	0	0	0	2476	0	7530.000	7530.000	7530	7530	Global prevalence is the intended model, not an accidental fallback.
H1_spot_interaction_receptor_layer	cold_phage_cluster	3	phage_marginal_rate	2476	0	0	2476	0	0	0.000	0.000	0	0	Direct support means exact training feature key was observed; global fallback means the test feature key was unseen in training.
H1_spot_interaction_receptor_layer	cold_phage_cluster	3	host_marginal_rate	2476	2476	0	0	0	0	33.000	37.132	33	48	Direct support means exact training feature key was observed; global fallback means the test feature key was unseen in training.
H1_spot_interaction_receptor_layer	cold_phage_cluster	3	taxonomy_cluster_rate	2476	0	0	2476	0	0	0.000	0.000	0	0	Direct support means exact training feature key was observed; global fallback means the test feature key was unseen in training.
H1_spot_interaction_receptor_layer	cold_phage_cluster	3	host_K_type_rate	2476	2476	0	0	0	0	132.000	128.806	33	279	Direct support means exact training feature key was observed; global fallback means the test feature key was unseen in training.
H1_spot_interaction_receptor_layer	cold_phage_cluster	3	host_KO_rate	2476	2476	0	0	0	0	81.000	97.350	33	246	Direct support means exact training feature key was observed; global fallback means the test feature key was unseen in training.
H1_spot_interaction_receptor_layer	cold_phage_cluster	3	rbpbase_plus_host_KO_rate	2476	2476	0	0	0	0	56.000	75.036	3	205	Direct support means exact training feature key was observed; global fallback means the test feature key was unseen in training.
H1_spot_interaction_receptor_layer	cold_phage_cluster	3	rbpbase_boundary_reviewed_plus_host_KO_rate	2476	2476	0	0	0	0	58.000	75.344	2	210	Direct support means exact training feature key was observed; global fallback means the test feature key was unseen in training.
H1_spot_interaction_receptor_layer	cold_phage_cluster	3	pharokka_plus_host_KO_rate	2476	2476	0	0	0	0	24.000	39.482	3	138	Direct support means exact training feature key was observed; global fallback means the test feature key was unseen in training.
H1_spot_interaction_receptor_layer	cold_phage_cluster	3	phold_plus_host_KO_rate	2476	2476	0	0	0	0	23.000	34.665	1	131	Direct support means exact training feature key was observed; global fallback means the test feature key was unseen in training.
H1_spot_interaction_receptor_layer	cold_phage_cluster	3	phold_new_plus_host_KO_rate	2476	2476	0	0	0	0	60.000	80.532	1	221	Direct support means exact training feature key was observed; global fallback means the test feature key was unseen in training.
H1_spot_interaction_receptor_layer	cold_phage_cluster	3	pharokka_phold_plus_host_KO_rate	2476	2476	0	0	0	0	23.000	34.665	1	131	Direct support means exact training feature key was observed; global fallback means the test feature key was unseen in training.
H1_spot_interaction_receptor_layer	cold_phage_cluster	3	receptor_signature_rate	2476	2476	0	0	0	0	1352.000	2173.247	200	3434	Direct support means exact training feature key was observed; global fallback means the test feature key was unseen in training.
H1_spot_interaction_receptor_layer	cold_phage_cluster	3	receptor_plus_host_KO_rate	2476	2476	0	0	0	0	22.000	28.599	1	112	Direct support means exact training feature key was observed; global fallback means the test feature key was unseen in training.
H1_spot_interaction_receptor_layer	cold_phage_cluster	3	receptor_boundary_reviewed_plus_host_KO_rate	2476	2476	0	0	0	0	21.000	28.253	1	117	Direct support means exact training feature key was observed; global fallback means the test feature key was unseen in training.
H1_spot_interaction_receptor_layer	cold_phage_cluster	3	genome_similarity_nearest_phage_rate	2476	2476	0	0	0	0	462.000	467.884	138	690	Direct support means nearest-phage rate or nearest-phage+host-K/O support; intermediate fallback means host-K/O support was absent but nearest-phage marginal support was available.
H1_spot_interaction_receptor_layer	cold_phage_cluster	3	genome_similarity_nearest_phage_host_KO_rate	2476	2476	0	0	0	0	5.000	6.737	1	35	Direct support means nearest-phage rate or nearest-phage+host-K/O support; intermediate fallback means host-K/O support was absent but nearest-phage marginal support was available.
H1_spot_interaction_receptor_layer	cold_phage_cluster	3	combined_receptor_host_taxonomy_rate	2476	0	0	2476	0	0	0.000	0.000	0	0	Direct support means exact training feature key was observed; global fallback means the test feature key was unseen in training.
H1_spot_interaction_receptor_layer	cold_phage_cluster	3	combined_receptor_boundary_reviewed_host_taxonomy_rate	2476	0	0	2476	0	0	0.000	0.000	0	0	Direct support means exact training feature key was observed; global fallback means the test feature key was unseen in training.
H1_spot_interaction_receptor_layer	cold_phage_cluster	4	global_prevalence	1710	0	0	0	1710	0	8296.000	8296.000	8296	8296	Global prevalence is the intended model, not an accidental fallback.
H1_spot_interaction_receptor_layer	cold_phage_cluster	4	phage_marginal_rate	1710	0	0	1710	0	0	0.000	0.000	0	0	Direct support means exact training feature key was observed; global fallback means the test feature key was unseen in training.
H1_spot_interaction_receptor_layer	cold_phage_cluster	4	host_marginal_rate	1710	1710	0	0	0	0	39.000	42.481	39	47	Direct support means exact training feature key was observed; global fallback means the test feature key was unseen in training.
H1_spot_interaction_receptor_layer	cold_phage_cluster	4	taxonomy_cluster_rate	1710	0	0	1710	0	0	0.000	0.000	0	0	Direct support means exact training feature key was observed; global fallback means the test feature key was unseen in training.
H1_spot_interaction_receptor_layer	cold_phage_cluster	4	host_K_type_rate	1710	1710	0	0	0	0	133.000	136.316	39	320	Direct support means exact training feature key was observed; global fallback means the test feature key was unseen in training.
H1_spot_interaction_receptor_layer	cold_phage_cluster	4	host_KO_rate	1710	1710	0	0	0	0	78.000	102.649	39	281	Direct support means exact training feature key was observed; global fallback means the test feature key was unseen in training.
H1_spot_interaction_receptor_layer	cold_phage_cluster	4	rbpbase_plus_host_KO_rate	1710	1710	0	0	0	0	39.000	71.856	1	243	Direct support means exact training feature key was observed; global fallback means the test feature key was unseen in training.
H1_spot_interaction_receptor_layer	cold_phage_cluster	4	rbpbase_boundary_reviewed_plus_host_KO_rate	1710	1710	0	0	0	0	37.000	72.846	1	247	Direct support means exact training feature key was observed; global fallback means the test feature key was unseen in training.
H1_spot_interaction_receptor_layer	cold_phage_cluster	4	pharokka_plus_host_KO_rate	1710	1710	0	0	0	0	22.000	36.263	2	160	Direct support means exact training feature key was observed; global fallback means the test feature key was unseen in training.
H1_spot_interaction_receptor_layer	cold_phage_cluster	4	phold_plus_host_KO_rate	1710	1710	0	0	0	0	21.000	33.147	1	147	Direct support means exact training feature key was observed; global fallback means the test feature key was unseen in training.
H1_spot_interaction_receptor_layer	cold_phage_cluster	4	phold_new_plus_host_KO_rate	1710	1710	0	0	0	0	72.000	79.691	1	257	Direct support means exact training feature key was observed; global fallback means the test feature key was unseen in training.
H1_spot_interaction_receptor_layer	cold_phage_cluster	4	pharokka_phold_plus_host_KO_rate	1710	1710	0	0	0	0	21.000	33.147	1	147	Direct support means exact training feature key was observed; global fallback means the test feature key was unseen in training.
H1_spot_interaction_receptor_layer	cold_phage_cluster	4	receptor_signature_rate	1710	1710	0	0	0	0	1780.000	2274.961	124	3820	Direct support means exact training feature key was observed; global fallback means the test feature key was unseen in training.
H1_spot_interaction_receptor_layer	cold_phage_cluster	4	receptor_plus_host_KO_rate	1710	1710	0	0	0	0	16.000	28.232	1	122	Direct support means exact training feature key was observed; global fallback means the test feature key was unseen in training.
H1_spot_interaction_receptor_layer	cold_phage_cluster	4	receptor_boundary_reviewed_plus_host_KO_rate	1710	1710	0	0	0	0	17.000	28.723	1	126	Direct support means exact training feature key was observed; global fallback means the test feature key was unseen in training.
H1_spot_interaction_receptor_layer	cold_phage_cluster	4	genome_similarity_nearest_phage_rate	1710	1710	0	0	0	0	614.000	555.015	310	690	Direct support means nearest-phage rate or nearest-phage+host-K/O support; intermediate fallback means host-K/O support was absent but nearest-phage marginal support was available.
H1_spot_interaction_receptor_layer	cold_phage_cluster	4	genome_similarity_nearest_phage_host_KO_rate	1710	1668	42	0	0	0	5.000	8.533	0	35	Direct support means nearest-phage rate or nearest-phage+host-K/O support; intermediate fallback means host-K/O support was absent but nearest-phage marginal support was available.
H1_spot_interaction_receptor_layer	cold_phage_cluster	4	combined_receptor_host_taxonomy_rate	1710	0	0	1710	0	0	0.000	0.000	0	0	Direct support means exact training feature key was observed; global fallback means the test feature key was unseen in training.
H1_spot_interaction_receptor_layer	cold_phage_cluster	4	combined_receptor_boundary_reviewed_host_taxonomy_rate	1710	0	0	1710	0	0	0.000	0.000	0	0	Direct support means exact training feature key was observed; global fallback means the test feature key was unseen in training.
H1_spot_interaction_receptor_layer	cold_phage_cluster	5	global_prevalence	2462	0	0	0	2462	0	7544.000	7544.000	7544	7544	Global prevalence is the intended model, not an accidental fallback.
H1_spot_interaction_receptor_layer	cold_phage_cluster	5	phage_marginal_rate	2462	0	0	2462	0	0	0.000	0.000	0	0	Direct support means exact training feature key was observed; global fallback means the test feature key was unseen in training.
H1_spot_interaction_receptor_layer	cold_phage_cluster	5	host_marginal_rate	2462	2462	0	0	0	0	34.000	37.929	34	46	Direct support means exact training feature key was observed; global fallback means the test feature key was unseen in training.
H1_spot_interaction_receptor_layer	cold_phage_cluster	5	taxonomy_cluster_rate	2462	0	0	2462	0	0	0.000	0.000	0	0	Direct support means exact training feature key was observed; global fallback means the test feature key was unseen in training.
H1_spot_interaction_receptor_layer	cold_phage_cluster	5	host_K_type_rate	2462	2462	0	0	0	0	136.000	127.810	34	284	Direct support means exact training feature key was observed; global fallback means the test feature key was unseen in training.
H1_spot_interaction_receptor_layer	cold_phage_cluster	5	host_KO_rate	2462	2462	0	0	0	0	80.000	96.624	34	250	Direct support means exact training feature key was observed; global fallback means the test feature key was unseen in training.
H1_spot_interaction_receptor_layer	cold_phage_cluster	5	rbpbase_plus_host_KO_rate	2462	2420	0	42	0	0	58.000	74.037	0	209	Direct support means exact training feature key was observed; global fallback means the test feature key was unseen in training.
H1_spot_interaction_receptor_layer	cold_phage_cluster	5	rbpbase_boundary_reviewed_plus_host_KO_rate	2462	2420	0	42	0	0	60.000	74.208	0	214	Direct support means exact training feature key was observed; global fallback means the test feature key was unseen in training.
H1_spot_interaction_receptor_layer	cold_phage_cluster	5	pharokka_plus_host_KO_rate	2462	2462	0	0	0	0	23.000	38.113	7	143	Direct support means exact training feature key was observed; global fallback means the test feature key was unseen in training.
H1_spot_interaction_receptor_layer	cold_phage_cluster	5	phold_plus_host_KO_rate	2462	2420	0	42	0	0	23.000	32.659	0	137	Direct support means exact training feature key was observed; global fallback means the test feature key was unseen in training.
H1_spot_interaction_receptor_layer	cold_phage_cluster	5	phold_new_plus_host_KO_rate	2462	2462	0	0	0	0	62.000	79.701	1	225	Direct support means exact training feature key was observed; global fallback means the test feature key was unseen in training.
H1_spot_interaction_receptor_layer	cold_phage_cluster	5	pharokka_phold_plus_host_KO_rate	2462	2420	0	42	0	0	23.000	32.659	0	137	Direct support means exact training feature key was observed; global fallback means the test feature key was unseen in training.
H1_spot_interaction_receptor_layer	cold_phage_cluster	5	receptor_signature_rate	2462	2462	0	0	0	0	1214.000	2004.190	138	3634	Direct support means exact training feature key was observed; global fallback means the test feature key was unseen in training.
H1_spot_interaction_receptor_layer	cold_phage_cluster	5	receptor_plus_host_KO_rate	2462	2378	0	84	0	0	21.000	26.264	0	119	Direct support means exact training feature key was observed; global fallback means the test feature key was unseen in training.
H1_spot_interaction_receptor_layer	cold_phage_cluster	5	receptor_boundary_reviewed_plus_host_KO_rate	2462	2378	0	84	0	0	18.000	25.725	0	124	Direct support means exact training feature key was observed; global fallback means the test feature key was unseen in training.
H1_spot_interaction_receptor_layer	cold_phage_cluster	5	genome_similarity_nearest_phage_rate	2462	2462	0	0	0	0	538.000	522.512	200	690	Direct support means nearest-phage rate or nearest-phage+host-K/O support; intermediate fallback means host-K/O support was absent but nearest-phage marginal support was available.
H1_spot_interaction_receptor_layer	cold_phage_cluster	5	genome_similarity_nearest_phage_host_KO_rate	2462	2462	0	0	0	0	6.000	8.325	1	35	Direct support means nearest-phage rate or nearest-phage+host-K/O support; intermediate fallback means host-K/O support was absent but nearest-phage marginal support was available.
H1_spot_interaction_receptor_layer	cold_phage_cluster	5	combined_receptor_host_taxonomy_rate	2462	0	0	2462	0	0	0.000	0.000	0	0	Direct support means exact training feature key was observed; global fallback means the test feature key was unseen in training.
H1_spot_interaction_receptor_layer	cold_phage_cluster	5	combined_receptor_boundary_reviewed_host_taxonomy_rate	2462	0	0	2462	0	0	0.000	0.000	0	0	Direct support means exact training feature key was observed; global fallback means the test feature key was unseen in training.
